Price,Close,High,Low,Open,Volume
Ticker,ALKYLAMINE.NS,ALKYLAMINE.NS,ALKYLAMINE.NS,ALKYLAMINE.NS,ALKYLAMINE.NS
Date,,,,,
2022-02-28,2967.479736328125,2991.885091570414,2876.280548732323,2946.680751101673,44909
2022-03-02,2921.731689453125,3013.6224730578397,2890.1133553095674,2955.326169480655,55416
2022-03-03,2865.21435546875,3001.5189881256124,2857.7049035958694,2964.21922948789,51884
2022-03-04,2804.05224609375,2885.0250207303948,2792.294273986372,2856.5190184340418,59702
2022-03-07,2768.234619140625,2791.306220141975,2727.180379045084,2783.401636155732,49190
2022-03-08,2784.735595703125,2844.6126738985176,2735.875193577886,2789.1819241387175,54067
2022-03-09,2919.360595703125,2949.397918549613,2788.3420188097184,2788.3420188097184,56962
2022-03-10,3003.4951171875,3057.8391360855385,2979.830815385837,3013.5239623653547,62981
2022-03-11,2973.852783203125,3041.4368815354724,2944.358706952963,2983.9805316964657,50874
2022-03-14,2919.953125,3003.494740922363,2913.8271209737804,2973.1114977992893,59495
2022-03-15,2858.643310546875,3002.1117034856316,2822.92456799981,2949.793045022893,53945
2022-03-16,2868.8701171875,2946.3349482618596,2856.56865588995,2939.616244466206,86741
2022-03-17,2859.4833984375,2929.58713288668,2843.1307412614965,2923.708146501922,80369
2022-03-21,2845.502197265625,2903.9466201972796,2828.853070304461,2879.2447945746417,63933
2022-03-22,2864.1767578125,2899.9944059265845,2828.5566760629454,2860.520935767989,43233
2022-03-23,2874.749267578125,2893.8191268862483,2853.209225489902,2870.3523904753056,42182
2022-03-24,2865.312744140625,2893.0776914275903,2842.191932852276,2874.748889364905,57821
2022-03-25,2834.97900390625,2885.074256770252,2826.9757573419474,2875.2924305598513,34994
2022-03-28,2777.819091796875,2855.5309358253244,2772.532804818637,2835.7694760618274,62504
2022-03-29,2762.8994140625,2806.1276123156013,2757.712030272128,2796.2468812863212,59044
2022-03-30,2870.549560546875,2924.5971040679415,2776.4850615129003,2776.4850615129003,151200
2022-03-31,2824.456298828125,2917.3846185287334,2816.1071297023377,2896.93131316809,80258
2022-04-01,2929.3896484375,2952.3623474260057,2832.805505378299,2845.8974736190607,78045
2022-04-04,3129.12841796875,3150.96492867276,2954.338393456115,2959.2787586625636,150414
2022-04-05,3299.12646484375,3368.2915784022834,3162.821835726652,3169.9359134469178,315988
2022-04-06,3308.26611328125,3414.3853028031726,3230.9988495888247,3299.0769857385003,129639
2022-04-07,3257.281494140625,3348.5793413313345,3229.714113161665,3316.961005856975,62830
2022-04-08,3269.978271484375,3339.6868726488797,3260.6410295092614,3279.414417254921,49639
2022-04-11,3249.228515625,3293.247214761122,3230.9986175424146,3275.4619012700628,46725
2022-04-12,3178.5322265625,3317.8013215737087,3156.3500339389216,3290.283389527142,66812
2022-04-13,3144.739990234375,3242.114635769291,3137.1318761348566,3194.4401119823597,37547
2022-04-18,3089.90185546875,3134.217026270051,3063.0263179569447,3093.656581136514,39106
2022-04-19,3109.02099609375,3137.2797377903585,3064.014224873798,3112.4297995332035,39087
2022-04-20,3107.390625,3147.5559364607197,3072.9069744152666,3114.4060396646046,35823
2022-04-21,3172.2578125,3176.605237200416,3093.1130688555895,3121.3226011989127,42199
2022-04-22,3122.014404296875,3176.061952517266,3113.4182169072465,3159.8576507995476,35035
2022-04-25,3097.85595703125,3174.728086756002,3048.2052874384517,3112.4300341754047,39105
2022-04-26,3094.496826171875,3159.857765064673,3089.605671357369,3114.4064025903217,21484
2022-04-27,3095.18798828125,3114.4059590403654,3041.1404458038055,3094.496385457416,32657
2022-04-28,3135.896728515625,3138.959851350856,3089.012712242097,3110.6514147594908,26034
2022-04-29,3141.677001953125,3179.6189085971496,3131.15387978375,3136.4401668162714,35448
2022-05-02,3094.348388671875,3147.0127316098774,3064.113497431979,3102.549443408168,27541
2022-05-04,3053.49169921875,3141.0348282212335,3014.610927539213,3117.6669966772465,33325
2022-05-05,2992.2802734375,3094.545832243355,2979.0401913010023,3043.2649383771436,29814
2022-05-06,2914.074462890625,2988.92099694639,2898.018275716946,2964.2686224239424,28567
2022-05-09,2868.820556640625,2981.5597845163584,2845.6502926080243,2912.0982030864584,45768
2022-05-10,2880.035400390625,2907.5530903443287,2845.650409694396,2845.650409694396,47207
2022-05-11,2975.28564453125,3013.622928722725,2763.6404366024467,2885.1734268427404,73315
2022-05-12,2960.11865234375,3024.4420611842675,2845.6502965283516,2983.980519276258,82309
2022-05-13,3000.876708984375,3048.9463656118887,2965.207175954396,3023.503484978491,51102
2022-05-16,2991.835693359375,3043.2649429956887,2959.7727716699956,3024.096422638457,26098
2022-05-17,3024.195068359375,3041.5357982454134,2994.849347675415,3008.632918169376,20800
2022-05-18,2965.4541015625,3091.7298796473815,2944.9021348452775,3047.0195762418994,51028
2022-05-19,2778.807373046875,2945.939835031138,2700.70014923204,2934.5769948155225,223028
2022-05-20,2752.47509765625,2810.870312474504,2737.9504718004296,2778.46146759394,92121
2022-05-23,2748.769775390625,2805.8309940735635,2741.9027159334114,2771.5449074570156,38257
2022-05-24,2687.114013671875,2761.4170560845196,2677.5297536811054,2748.769673258614,48259
2022-05-25,2572.7939453125,2710.234753153544,2554.168673004312,2704.1582007711677,73284
2022-05-26,2539.792236328125,2598.2861106433143,2486.0411607366027,2578.8705723658586,51447
2022-05-27,2608.61181640625,2636.030844180817,2570.818021365631,2570.818021365631,36132
2022-05-30,2778.609619140625,2999.888778685111,2648.1347617354318,2655.9404425863427,60288
2022-05-31,2697.1923828125,2781.425609530978,2692.4990358692417,2781.425609530978,58491
2022-06-01,2680.049072265625,2747.830975635442,2669.7732096968584,2715.2245670788184,41660
2022-06-02,2694.8212890625,2745.9540724293392,2683.8535810662142,2693.1413717949567,39531
2022-06-03,2657.817626953125,2736.616453468873,2652.9761654518175,2717.200914336126,38511
2022-06-06,2661.1279296875,2687.558885640026,2602.0411088824503,2667.797423245614,31518
2022-06-07,2616.367919921875,2669.921429664258,2608.5127876140177,2661.127676227823,21954
2022-06-08,2591.27099609375,2642.0578537954466,2586.824667419248,2636.1294155627766,21108
2022-06-09,2655.6435546875,2675.1085430819217,2583.464779204979,2603.3251415070044,48011
2022-06-10,2613.60107421875,2647.837946765427,2609.204197825193,2647.837946765427,61761
2022-06-13,2547.69677734375,2597.3968974649124,2529.466878748521,2568.989798728967,47458
2022-06-14,2653.074951171875,2663.84485055241,2549.277832618062,2559.1091108793553,72133
2022-06-15,2660.633544921875,2705.985998690112,2632.078331990579,2648.0356142941696,36034
2022-06-16,2625.211181640625,2719.1770248860066,2605.598076398241,2681.086760684818,40769
2022-06-17,2585.095458984375,2665.771523593206,2543.2999225017065,2608.5127410273913,32750
2022-06-20,2585.293212890625,2596.557149507064,2524.5267184924696,2584.7991763508026,31138
2022-06-21,2591.073486328125,2629.8059020485057,2563.605007004345,2585.787198963686,23709
2022-06-22,2581.241943359375,2628.2248652059984,2568.9899340117513,2604.4124494010757,16236
2022-06-23,2577.43798828125,2612.7121477214773,2569.9779885500852,2580.846792038763,10412
2022-06-24,2570.076904296875,2617.652525115669,2564.0495622063454,2598.632118922038,15478
2022-06-27,2583.8603515625,2648.529681283548,2576.8449367583253,2594.877269040894,19443
2022-06-28,2544.041259765625,2598.088811057368,2534.4075468681726,2598.088811057368,26395
2022-06-29,2513.8056640625,2557.4292289316018,2509.7052578688968,2531.4428624646116,28334
2022-06-30,2487.621826171875,2553.3286789342187,2485.003529282621,2525.415617422396,31222
2022-07-01,2513.460205078125,2578.771687185201,2476.3085629081465,2494.884383993136,26377
2022-07-04,2502.5419921875,2567.013758050785,2494.88442612711,2535.1484025091613,18489
2022-07-05,2506.1484375,2538.3597160637873,2499.824866345419,2522.5010950493192,16295
2022-07-06,2505.85205078125,2524.5265341312643,2489.943978869192,2506.1482797004874,20363
2022-07-07,2581.04443359375,2616.7139680281466,2527.0957885337434,2527.0957885337434,57028
2022-07-08,2587.417236328125,2630.5962189333472,2574.967661403138,2605.844942311474,22879
2022-07-11,2608.759765625,2637.4138829256817,2580.8467030820943,2602.5843093101976,23367
2022-07-12,2632.2265625,2672.935123253871,2575.906399563626,2609.500882718656,38346
2022-07-13,2612.070068359375,2649.0733566420095,2598.731081893867,2639.143174027487,25708
2022-07-14,2620.962646484375,2630.744473104128,2584.3050401516793,2624.42090212977,20103
2022-07-15,2579.858642578125,2634.1532065153165,2556.045986421306,2628.2742203208777,18640
2022-07-18,2592.20947265625,2611.4768958378004,2580.8466333440538,2596.4582347317787,18217
2022-07-19,2652.5810546875,2665.821137306407,2563.3580084066193,2591.715657210788,55898
2022-07-20,2691.263916015625,2745.509028882267,2667.797181548302,2682.618277001348,45739
2022-07-21,2768.2841796875,2790.3182566597097,2677.6779304347783,2707.073103287337,30546
2022-07-22,2783.95166015625,2844.9358194081146,2748.9476959394538,2801.5031502540687,51341
2022-07-25,2819.649658203125,2875.8740288526456,2748.997279744545,2796.346768465909,57755
2022-07-26,2744.931640625,2850.8358884406266,2731.892035008293,2825.1035962753635,26535
2022-07-27,2775.47314453125,2792.4794404002528,2712.4067487370585,2744.78279286343,32205
2022-07-28,2839.92822265625,2853.860424991128,2786.4307832609693,2789.4056203961236,35095
2022-07-29,2905.17626953125,2938.643186195361,2847.9106565726597,2847.9106565726597,65367
2022-08-01,3161.309814453125,3189.471508477285,2906.4158103691207,2930.2641359079166,353623
2022-08-02,3112.770263671875,3199.189178666041,3080.989041080118,3189.025152604413,117493
2022-08-03,3010.931640625,3123.578900344405,2995.660907282682,3112.7704225740076,73322
2022-08-04,3093.0869140625,3143.411242310852,2966.904238799391,3046.2332291416205,136604
2022-08-05,3092.4423828125,3143.4111609510287,3052.6786305955025,3118.0257878614098,58002
2022-08-08,3043.65478515625,3132.106798558757,3034.333726102749,3093.830465830254,53251
2022-08-10,3036.06884765625,3083.914139368315,3025.4090158240283,3063.9826360355837,37662
2022-08-11,3049.356689453125,3098.788663043135,3040.2835330848807,3058.9755231375025,39744
2022-08-12,3053.0751953125,3087.8808859508244,3044.5474742807482,3067.404187574454,31086
2022-08-16,3019.85595703125,3072.8081983257593,3006.568449244418,3072.8081983257593,36345
2022-08-17,3032.89599609375,3058.8265621627897,3025.409274446051,3030.763884289343,27935
2022-08-18,3019.955322265625,3090.0126358760517,3012.9644069871065,3044.249824119346,32623
2022-08-19,2989.61181640625,3052.133020130135,2977.117646723861,3035.622772227646,32573
2022-08-22,2920.74462890625,2973.8455201402653,2910.382327979886,2964.9210087427123,41692
2022-08-23,2897.7392578125,2940.1306867701473,2851.8771855483787,2855.8436350414922,34043
2022-08-24,2977.811767578125,3004.6845580221134,2900.4660073812906,2913.3569674140963,38793
2022-08-25,2994.669189453125,3045.241417486936,2979.7950047372983,3001.6104756538443,39518
2022-08-26,2978.010009765625,3039.2916982999986,2964.9207758293624,3004.28773570525,21467
2022-08-29,2930.61083984375,2950.046537397861,2845.9272478426424,2854.8517583759467,21456
2022-08-30,2942.609619140625,2987.4800775285316,2935.172526590143,2959.367770850568,17476
2022-09-01,2993.677490234375,3017.67445912739,2938.29584724633,2942.1136513830374,35420
2022-09-02,2973.498291015625,3022.434457564317,2959.962879209149,3009.493867915032,24674
2022-09-05,2946.328125,3007.560186159024,2937.50287213163,2988.2237457930164,26804
2022-09-06,2957.08740234375,2999.6274769985826,2946.3779401229995,2960.5084166675383,25339
2022-09-07,2945.485107421875,2986.7362763358983,2937.89937009103,2952.6742966660436,24369
2022-09-08,3019.757080078125,3093.7312147166112,2955.004746443855,2967.8957067471338,132549
2022-09-09,2989.61181640625,3072.7089752861266,2969.8788285395694,3058.0330648767776,57473
2022-09-12,3005.081298828125,3043.258375219771,2997.6442060245577,3043.258375219771,39933
2022-09-13,3105.977783203125,3122.587290065174,3009.5434821682447,3018.120832158368,120618
2022-09-14,3094.177734375,3172.1679499042093,3048.4643075939402,3073.9983259465607,96943
2022-09-15,3104.986328125,3147.675290372167,3098.7887506237525,3128.3884776068594,35444
2022-09-16,3014.997314453125,3116.439305074806,2987.5793301376184,3104.738231064869,56559
2022-09-19,2938.64306640625,3049.059193425382,2915.488822243116,3013.509795447476,62024
2022-09-20,2960.1611328125,3012.865474364085,2946.625721099528,2964.9209205014417,27191
2022-09-21,2954.707275390625,2994.6693015752508,2945.088683999502,2957.9796445691964,16525
2022-09-22,2972.2587890625,2999.627387017557,2946.080319612946,2946.080319612946,27615
2022-09-23,2950.93896484375,3014.5014105009927,2935.1724260141245,2977.811755175816,26489
2022-09-26,2876.3203125,2925.20685056066,2852.4722287728255,2920.2984177677044,26913
2022-09-27,2838.73828125,2911.820063703186,2824.558176095117,2882.0220638911765,29397
2022-09-28,2815.137939453125,2846.1258265666675,2791.38887118788,2838.7383626973724,23011
2022-09-29,2858.322509765625,2885.939009689313,2826.6901736239197,2833.3835567777505,27710
2022-09-30,2844.88623046875,2857.826820179251,2818.261583870958,2845.927471864834,23340
2022-10-03,2887.624755859375,2898.730765620896,2845.9274086485834,2859.115901156014,24685
2022-10-04,2891.591064453125,2937.205229758106,2883.658166139215,2906.415619758675,20386
2022-10-06,2897.193603515625,2936.11438622378,2888.1700768568303,2913.009771254892,18903
2022-10-07,2895.01220703125,2915.0427277450754,2887.9222756853906,2900.466074864328,13139
2022-10-10,2860.5537109375,2890.500355324306,2853.265263367922,2885.5919226373603,16851
2022-10-11,2836.705322265625,2893.2768536770063,2826.095118834536,2865.7596117304593,17989
2022-10-12,2807.006591796875,2865.7596221117965,2801.304820922431,2845.9273755919917,22694
2022-10-13,2821.335205078125,2850.885299382466,2801.255056447692,2803.6844581103364,20468
2022-10-14,2859.95849609375,2880.6337092260214,2839.729702167304,2842.654910011116,22445
2022-10-17,2869.52783203125,2898.3836058104143,2840.9693482791918,2843.7459112440743,117141
2022-10-18,2893.57421875,2964.920672809233,2878.799050743509,2964.920672809233,26051
2022-10-19,2903.7880859375,2915.340272834549,2881.1296471839396,2893.5744304406307,19507
2022-10-20,2951.038330078125,2965.912515209567,2879.4935964330307,2903.7880988143866,34480
2022-10-21,2924.661376953125,2962.937710614133,2915.34031767254,2951.0383623787347,21290
2022-10-24,2948.2119140625,2968.7384816585786,2925.2561869242804,2946.7741246942746,8995
2022-10-25,2950.840087890625,2964.92093488186,2921.141346342738,2947.865250832215,11535
2022-10-27,2951.18701171875,3004.4367888244683,2895.4584458198847,2950.046754348331,30372
2022-10-28,2943.45263671875,2970.5730894268054,2928.9749994695007,2945.088700270645,14323
2022-10-31,2928.3798828125,2950.046709262207,2912.216795357046,2926.2480131202597,25170
2022-11-01,2934.627197265625,2943.8492407795243,2916.3816263872873,2916.3816263872873,23997
2022-11-02,2946.873779296875,2955.0049525598415,2925.2565805542054,2934.1810921558963,18260
2022-11-03,3007.014892578125,3023.426125772538,2935.172624561073,2935.172624561073,44660
2022-11-04,2987.133056640625,3038.7465297831786,2978.109529178032,3024.41777921498,31449
2022-11-07,2927.884033203125,3016.4846912375288,2826.590931088947,2999.6272817204226,101233
2022-11-09,2879.74169921875,2925.256612040123,2857.0336297543076,2925.256612040123,40440
2022-11-10,2847.1171875,2872.7008332599944,2836.011178157951,2872.7008332599944,20673
2022-11-11,2844.68798828125,2891.492043757013,2838.589669038943,2867.7429758986927,18090
2022-11-14,2833.1357421875,2849.8938940663347,2810.5269321876085,2843.9442199659875,18929
2022-11-15,2824.211181640625,2840.969333226354,2821.137086572069,2833.1356926350536,10949
2022-11-16,2801.404052734375,2836.4077738394553,2776.5144867481704,2836.358386897901,19049
2022-11-17,2800.908447265625,2839.928249467725,2781.4727476286484,2796.396562482805,21985
2022-11-18,2779.340576171875,2840.969182544205,2775.2252399536715,2814.889731158477,29127
2022-11-21,2757.37646484375,2837.0029864579083,2739.9242324127645,2782.414677149958,30687
2022-11-22,2843.250244140625,2857.826897803143,2760.6488839291987,2760.6488839291987,36525
2022-11-23,2831.003662109375,2875.675847398745,2805.3209987921655,2850.8855383694454,23487
2022-11-24,2793.5205078125,2868.188962787383,2784.4473520601273,2836.0111919130923,21132
2022-11-25,2846.81982421875,2869.5775215289136,2787.1744376703664,2793.372014913252,40977
2022-11-28,2788.860107421875,2860.107551659732,2780.778563600483,2846.819800904092,39881
2022-11-29,2800.957763671875,2824.1120091797884,2787.4223517571577,2810.774871319053,20862
2022-11-30,2797.8837890625,2821.1370495408482,2786.480247385973,2806.262864745378,16251
2022-12-01,2805.51904296875,2833.4328318114117,2799.3214662192386,2815.930971907929,19457
2022-12-02,2805.32080078125,2823.9631602740023,2799.37112703417,2805.519074820917,13728
2022-12-05,2775.07666015625,2824.1118401418285,2756.6822035092287,2798.5778233287483,44332
2022-12-06,2793.42138671875,2816.1292108084967,2774.5311246033652,2776.514349138464,24434
2022-12-07,2770.267333984375,2801.255219476766,2766.648045796006,2793.4215788614315,15335
2022-12-08,2759.557861328125,2788.116344902526,2756.682282403048,2758.665507066647,17488
2022-12-09,2768.38330078125,2801.304781117763,2750.7325532108584,2771.65566982909,16648
2022-12-12,2751.4267578125,2779.1919038010647,2746.7662281544203,2746.7662281544203,20877
2022-12-13,2768.531982421875,2786.430633307062,2758.6654882064936,2772.2505286407013,13141
2022-12-14,2767.73876953125,2798.5283820365753,2758.6656131834106,2768.532107845778,13070
2022-12-15,2794.859375,2808.1965125291845,2766.152246229907,2767.5900357016144,28699
2022-12-16,2742.502197265625,2790.5953957020724,2726.9339319635314,2790.5953957020724,20792
2022-12-19,2731.84228515625,2759.012607707355,2726.933852640068,2754.252820200541,12554
2022-12-20,2720.488525390625,2756.9302798313415,2717.017882110557,2728.917230499362,17730
2022-12-21,2700.65625,2741.0148244472257,2688.261095557187,2720.4884971085003,20290
2022-12-22,2685.881103515625,2805.271124526857,2677.2538830533063,2773.5395317432376,68097
2022-12-23,2591.18212890625,2682.3112000103147,2578.19191128533,2657.5208931710326,45115
2022-12-26,2670.213623046875,2678.642327512242,2578.241583145369,2591.1821719490013,42712
2022-12-27,2702.73876953125,2726.934014495446,2673.0397854081816,2697.9789817419214,12621
2022-12-28,2669.81689453125,2702.6393589268114,2666.4455095043827,2702.1435527703397,14967
2022-12-29,2626.4833984375,2669.4202585934745,2617.856420017375,2669.4202585934745,22052
2022-12-30,2639.473876953125,2666.2970402044652,2622.765111541778,2632.730864362174,16486
2023-01-02,2639.37451171875,2658.6119363322664,2617.856572402047,2650.976327655142,17081
2023-01-03,2664.313720703125,2681.6669367061227,2635.705607769611,2657.223547194757,23512
2023-01-04,2671.15576171875,2712.654835308721,2657.7689950242893,2665.4539907192575,29889
2023-01-05,2684.592041015625,2707.1015919144393,2648.596465935336,2670.3623076056024,26941
2023-01-06,2695.648681640625,2714.0431400879284,2661.2397797628705,2697.0864712027333,21589
2023-01-09,2660.59521484375,2715.976619787679,2652.5630579060303,2707.1017376012946,14605
2023-01-10,2705.3662109375,2712.059593847361,2652.8603889742703,2658.066353459718,24634
2023-01-11,2708.192626953125,2737.9903848477943,2680.1299486043845,2712.059818339572,20156
2023-01-12,2727.677734375,2753.707559160002,2677.3534064573296,2710.175872832897,28217
2023-01-13,2680.179443359375,2756.682236650873,2667.4371282700895,2747.757725812795,18189
2023-01-16,2706.20947265625,2730.8508953126993,2677.353455245897,2680.179647396915,16885
2023-01-17,2669.42041015625,2714.0429653037354,2656.727723829061,2714.0429653037354,10054
2023-01-18,2669.668212890625,2689.202926768999,2667.4370852171164,2669.420309815791,8174
2023-01-19,2651.670654296875,2688.310681828394,2635.7055987913573,2669.4204183394786,8456
2023-01-20,2635.55712890625,2672.3954329349763,2607.2961753483105,2653.4555391519802,19647
2023-01-23,2583.24951171875,2631.887905353943,2579.283062193002,2610.469223170623,18024
2023-01-24,2594.20654296875,2647.6049646548304,2583.150162144507,2583.150162144507,19566
2023-01-25,2612.848876953125,2626.781078695847,2584.538296334944,2588.604003750664,12052
2023-01-27,2585.33154296875,2697.185458949643,2577.0517255104032,2627.772597873733,18742
2023-01-30,2577.74609375,2620.236540343808,2568.474420861669,2585.331831863817,15278
2023-01-31,2607.246337890625,2632.7307262572945,2572.2423743545846,2583.001464931798,17578
2023-02-01,2644.6796875,2665.453917193485,2607.9900316457743,2624.252376862939,19198
2023-02-02,2662.776611328125,2704.1267966537653,2618.6498630879005,2638.928286613433,30552
2023-02-03,2615.82373046875,2667.5364593856307,2609.0313311783666,2664.412735251054,15779
2023-02-06,2631.689453125,2668.428737788484,2607.6924835374452,2617.8565097590476,13474
2023-02-07,2616.964111328125,2628.764200831952,2578.191973656385,2628.764200831952,17679
2023-02-08,2596.4375,2617.8564221089373,2588.108053675881,2616.8648098278354,20494
2023-02-09,2584.98486328125,2613.4937195772654,2558.359973694606,2593.066407446277,34878
2023-02-10,2583.497314453125,2601.990787811364,2562.3262940947275,2568.275968152223,17597
2023-02-13,2539.56884765625,2583.4973230115193,2528.611482812159,2579.183712468402,19009
2023-02-14,2497.722900390625,2552.955660657734,2493.706821897061,2532.577978154947,24728
2023-02-15,2485.228515625,2520.3811259112276,2466.1399774002493,2497.7229283910738,15648
2023-02-16,2500.89599609375,2517.4062450185024,2479.030895179693,2485.228472417642,18445
2023-02-17,2517.406005859375,2553.005031387886,2484.434898085813,2498.8629049436386,22103
2023-02-20,2511.60546875,2534.8091011912416,2488.897400397059,2528.6115239267156,13484
2023-02-21,2515.6708984375,2546.410881232801,2479.0308705887696,2519.290428764275,16180
2023-02-22,2490.830810546875,2526.578481964446,2479.0307211513323,2494.9461467996925,13357
2023-02-23,2508.382568359375,2525.636525524643,2481.063601103662,2490.830836992995,16309
2023-02-24,2491.674072265625,2538.527758431997,2482.005851310659,2515.4231409620684,13080
2023-02-27,2500.945556640625,2512.7456465413848,2460.1901930028316,2491.673884509418,19262
2023-02-28,2480.81591796875,2505.606227641287,2474.0729053192463,2500.945697841424,9451
2023-03-01,2485.971923828125,2511.8531005264135,2480.1708952979734,2493.6072897747263,14445
2023-03-02,2491.971435546875,2525.636626018499,2485.079778213256,2498.863092880494,14885
2023-03-03,2485.1787109375,2507.2917137625977,2481.5097938267354,2502.2343941688086,13577
2023-03-06,2473.130859375,2500.499215305064,2462.272752431822,2481.0141292327667,32035
2023-03-08,2490.434326171875,2519.6372603954555,2461.7271981052068,2473.130739714196,25303
2023-03-09,2482.30322265625,2518.695347167221,2473.0811794626175,2490.9302016078973,18771
2023-03-10,2475.064208984375,2497.1772108726345,2464.2061031207395,2477.394594640065,14532
2023-03-13,2436.1435546875,2476.0559503631575,2426.0291574938537,2464.1566025840793,18556
2023-03-14,2356.913818359375,2452.3565032980605,2350.1211771915337,2443.481379439872,26561
2023-03-15,2345.361328125,2401.833599338664,2330.288869811173,2369.3089100640846,18120
2023-03-16,2294.591064453125,2345.163296210735,2289.6330025161046,2345.163296210735,18705
2023-03-17,2284.2783203125,2325.6285071426355,2281.7000313495373,2295.5826043347147,16451
2023-03-20,2320.62060546875,2356.0707439776734,2276.493859632468,2310.456579742415,54723
2023-03-21,2296.722900390625,2338.023700972871,2290.624581135138,2320.620855411908,21263
2023-03-22,2293.252197265625,2319.926714653467,2289.632909036513,2312.0434449140307,12773
2023-03-23,2284.427001953125,2316.9023071355296,2281.8983419859983,2299.4498325515037,12816
2023-03-24,2276.0478515625,2310.9525574987697,2270.79225774391,2290.624504536433,17863
2023-03-27,2206.287841796875,2282.6419924728857,2181.5471621717265,2282.6419924728857,27225
2023-03-28,2134.64404296875,2214.220940973039,2128.0995461456205,2201.379608342948,35596
2023-03-29,2154.030029296875,2166.673087358118,2131.96665346451,2143.6180991287924,33477
2023-03-31,2137.321044921875,2185.2655962472977,2131.966435363217,2166.672865706339,40576
2023-04-03,2198.008056640625,2214.2704025269204,2147.832374327501,2178.5227284876155,38284
2023-04-05,2207.7255859375,2238.614455150466,2198.6028009561755,2215.2619364528155,18615
2023-04-06,2225.27734375,2235.342112139971,2193.4464908744,2217.2451869779197,16310
2023-04-10,2219.52587890625,2269.800574537059,2201.379325239088,2240.0522052770716,30854
2023-04-11,2358.599609375,2414.5760782530965,2224.1865065797515,2230.136180694544,125004
2023-04-12,2401.48681640625,2460.2894766596837,2347.9893790155324,2374.9115572427495,112892
2023-04-13,2406.345458984375,2426.4752365826025,2381.505523080562,2399.6024470967586,30204
2023-04-17,2372.482177734375,2441.002445901878,2360.0373943163618,2405.7011914779036,28438
2023-04-18,2412.4443359375,2419.534267794914,2379.869771601555,2393.7027162304144,14034
2023-04-19,2422.757080078125,2444.622182672787,2411.2542790032135,2427.665513209283,17207
2023-04-20,2377.5888671875,2450.9681805940354,2341.2960006772796,2429.450241162312,25886
2023-04-21,2334.701416015625,2393.20653882631,2311.448157147572,2378.8777902175143,18539
2023-04-24,2329.5947265625,2358.9959331804234,2320.3726841428524,2340.15530027499,11735
2023-04-25,2316.902099609375,2341.8906807265034,2300.6397550026454,2337.527683517725,11495
2023-04-26,2328.1572265625,2346.2045234858356,2317.596409444619,2323.347809675449,13175
2023-04-27,2307.977783203125,2340.0069110620675,2299.400433069397,2340.0069110620675,12527
2023-04-28,2344.171630859375,2360.0374286993706,2314.9190660918825,2322.058626701308,11289
2023-05-02,2562.177734375,2596.0412001757463,2344.171656690399,2344.171656690399,290016
2023-05-03,2555.8310546875,2586.1248586395964,2519.686835047245,2528.6113456790536,59238
2023-05-04,2524.644775390625,2612.402459059938,2519.5380691667756,2568.2757141640686,51243
2023-05-05,2483.8896484375,2556.525252190691,2464.206288785352,2528.6114617151734,37134
2023-05-08,2509.52294921875,2541.5520764715666,2488.946993001704,2488.946993001704,30583
2023-05-09,2515.175048828125,2547.8982557547906,2499.160606517823,2525.8845104226957,18164
2023-05-10,2532.67724609375,2538.428404154195,2508.8289202233855,2518.695414866989,16086
2023-05-11,2534.114990234375,2563.3179255322148,2489.542063506845,2543.4856785261627,50640
2023-05-12,2519.389404296875,2559.3514297077836,2498.8630774365033,2528.6114474059855,19013
2023-05-15,2492.962890625,2517.703568489939,2481.3114463832685,2517.703568489939,23158
2023-05-16,2515.77001953125,2541.5023101483225,2482.00557249366,2482.00557249366,22714
2023-05-17,2524.248291015625,2532.5777372453886,2498.8629200698433,2532.429092242044,24161
2023-05-18,2518.34814453125,2543.4856138089594,2510.7624070815928,2541.056212031104,14141
2023-05-19,2508.481689453125,2531.586305406349,2491.1781025292207,2518.6953449792895,12135
2023-05-22,2456.81884765625,2487.9057494776175,2443.0352907778415,2482.9476877428356,32226
2023-05-23,2483.740966796875,2494.103267156836,2460.4877062339556,2476.997954579834,17739
2023-05-24,2460.190185546875,2483.740978334758,2451.7118517246663,2483.740978334758,0
2023-05-25,2465.693603515625,2488.748589402097,2452.2572084836497,2482.997189665612,12107
2023-05-26,2457.810302734375,2478.6835476278957,2449.3319692918326,2449.3319692918326,11584
2023-05-29,2448.142333984375,2474.221546040268,2443.4815620997433,2474.221546040268,18143
2023-05-30,2452.00927734375,2514.0843032120138,2432.424934718115,2472.0397970789954,26651
2023-05-31,2455.727783203125,2482.997120589794,2429.450058085062,2459.0991680792504,27380
2023-06-01,2449.083984375,2471.6431630708494,2443.3325849043044,2471.6431630708494,18358
2023-06-02,2420.872802734375,2465.396098485265,2414.5759677472583,2465.396098485265,23534
2023-06-05,2440.258544921875,2469.1145588930626,2430.4416802597975,2456.9176795209264,18564
2023-06-06,2442.4404296875,2456.471647336101,2428.458598981173,2456.471647336101,13176
2023-06-07,2487.013427734375,2494.103359270711,2450.869205633595,2464.652520599441,29716
2023-06-08,2540.014892578125,2574.225516741289,2489.5419236209136,2489.5419236209136,88664
2023-06-09,2487.856201171875,2577.547734538828,2480.3697213837067,2563.466645080834,52153
2023-06-12,2544.427734375,2556.674244087495,2489.0463282875444,2523.6535034625163,41981
2023-06-13,2642.15087890625,2661.4873180650684,2553.7981292972827,2556.624321088399,134772
2023-06-14,2689.202880859375,2732.93307935073,2657.4216587896117,2661.983172125828,89325
2023-06-15,2672.395263671875,2753.707475776177,2653.5546291599026,2702.094004918228,48677
2023-06-16,2726.140625,2739.477762692835,2683.402277958196,2707.052087256908,40187
2023-06-19,2702.490966796875,2774.233979095809,2679.6342524261945,2774.233979095809,39900
2023-06-20,2675.072509765625,2712.010068720424,2659.5538737801453,2696.8383517915604,31050
2023-06-21,2615.327880859375,2692.2274651612815,2596.041069536735,2692.2274651612815,31984
2023-06-22,2630.251708984375,2694.855155536614,2611.0145265927526,2621.475843014524,34382
2023-06-23,2585.0341796875,2662.429573260374,2578.192151200306,2651.5714662729297,23627
2023-06-26,2624.45068359375,2637.4409019897093,2541.7006828456542,2585.0340933675666,33844
2023-06-27,2614.03857421875,2656.529256589616,2588.3062843735997,2649.538341706339,17833
2023-06-28,2627.029052734375,2642.6469474519618,2618.8978797761724,2632.631565748301,16231
2023-06-30,2702.490966796875,2707.1018676463764,2635.160339191998,2636.4991127768844,57422
2023-07-03,2709.3330078125,2727.925740504049,2682.361198673201,2727.925740504049,25319
2023-07-04,2687.78564453125,2722.519945472912,2682.212119557484,2719.285366850069,17478
2023-07-05,2651.956298828125,2712.069597484085,2638.4207350202973,2687.188225030103,19711
2023-07-06,2614.48486328125,2671.314016401411,2592.2410616103853,2667.283185379313,35701
2023-07-07,2598.063232421875,2658.674404591306,2587.6628668036547,2631.454084549563,26086
2023-07-10,2519.288818359375,2602.392603874804,2513.0186637899233,2593.584500672222,40503
2023-07-11,2490.376708984375,2537.9001330443225,2488.1373853375712,2517.298404090161,34821
2023-07-12,2463.95263671875,2512.4713156415255,2456.339033526812,2493.1136554164614,36905
2023-07-13,2449.123291015625,2503.066057657784,2443.7487688003494,2488.087422911155,27537
2023-07-14,2449.173095703125,2486.644345156306,2440.31518138396,2464.9477399361385,29575
2023-07-17,2487.291259765625,2497.492622792584,2428.422027880965,2428.422027880965,40818
2023-07-18,2486.6943359375,2521.9262644282785,2467.237052818036,2503.5638589607784,30206
2023-07-19,2477.88623046875,2503.26523200153,2463.2560311227576,2497.0946998331306,15050
2023-07-20,2452.457275390625,2493.660974220502,2446.3365549216605,2478.234523202892,29439
2023-07-21,2423.54541015625,2458.130519443539,2404.7847572780493,2452.4573718797487,30696
2023-07-24,2390.204345703125,2437.8271484861198,2388.611840616516,2423.545385978397,36585
2023-07-25,2404.78466796875,2418.4694229339107,2391.348726730228,2418.4196115921523,14792
2023-07-26,2410.208740234375,2426.431443683984,2386.621247725264,2418.46940449224,22720
2023-07-27,2411.602294921875,2436.384045248079,2393.5880836689666,2410.5074173165226,23809
2023-07-28,2455.3935546875,2463.2559715046905,2419.066749451168,2428.422048675331,24904
2023-07-31,2435.836669921875,2485.4004148480435,2420.4600295967334,2463.4051833401745,35054
2023-08-01,2427.4267578125,2463.156312364396,2422.450483196238,2453.1043834288425,28263
2023-08-02,2403.78955078125,2457.284505073556,2397.569207258889,2450.3177203285113,28898
2023-08-03,2388.960205078125,2417.8721656423327,2386.621258861775,2403.789405949083,26831
2023-08-04,2411.104736328125,2424.3912441062557,2388.6118772907707,2402.445823887214,17359
2023-08-07,2362.187744140625,2418.1708334584782,2328.8965156227064,2411.054857964717,91206
2023-08-08,2321.9296875,2363.6307707213045,2316.9534129875697,2358.7541188919845,43935
2023-08-09,2314.017578125,2342.830160431064,2305.7071020707913,2321.929806408527,33385
2023-08-10,2321.8798828125,2343.3774859606688,2313.9676549114915,2329.394105944235,19663
2023-08-11,2336.112060546875,2340.292082524221,2318.943913547436,2328.747271490701,21597
2023-08-14,2325.612060546875,2338.84899922402,2306.005587745555,2336.1120482674814,17825
2023-08-16,2331.583740234375,2360.64513639564,2318.9440508711245,2325.612210489642,22394
2023-08-17,2303.169189453125,2350.5932345180495,2294.0627036791107,2338.849177286729,22731
2023-08-18,2335.714111328125,2338.8490671401514,2303.0198899414086,2318.545963920394,18227
2023-08-21,2317.799560546875,2343.6761889459576,2305.159628443131,2335.714149438548,21554
2023-08-22,2312.32568359375,2347.806425342581,2308.9914823208087,2315.958266965742,23159
2023-08-23,2307.846923828125,2340.0930854199983,2300.1336983472083,2327.4035854352646,20276
2023-08-24,2302.422607421875,2329.3941126267796,2301.0293477432665,2309.2402007358623,15996
2023-08-25,2306.105224609375,2326.905954814125,2299.0388176307224,2302.0245823289442,17947
2023-08-28,2307.54833984375,2338.500622019257,2299.0886730366497,2321.7805337744794,25029
2023-08-29,2503.663330078125,2546.8572956564594,2307.647682632793,2307.647682632793,333826
2023-08-30,2511.078125,2574.028002462803,2494.4574154362954,2532.8243005160284,160539
2023-08-31,2485.549560546875,2512.4712549516917,2456.2891628500342,2509.0376740457605,62684
2023-09-01,2478.085205078125,2513.018751047935,2465.2465134042513,2485.500048848138,30554
2023-09-04,2497.841064453125,2567.757723394387,2456.687175840742,2483.1112428697793,54855
2023-09-05,2493.163330078125,2525.8573076782563,2470.8199062212057,2507.0470873046,30888
2023-09-06,2468.679931640625,2528.6440384798207,2431.60668716328,2516.999604918266,53518
2023-09-07,2477.1396484375,2499.234258743077,2454.647033362586,2468.679981740785,23149
2023-09-08,2476.045166015625,2514.0140458011074,2462.260787534418,2488.037793978228,30881
2023-09-11,2484.15625,2507.7437427196746,2463.3555196187435,2498.089818709936,41859
2023-09-12,2406.07861328125,2500.578020628572,2402.694600717769,2489.0827775492503,37387
2023-09-13,2382.44140625,2437.429243584096,2354.17601918851,2406.0787118913536,31840
2023-09-14,2439.220703125,2445.9386740697914,2389.806148830679,2408.417367888705,23835
2023-09-15,2392.04541015625,2458.279674267875,2388.611829248138,2439.220639573197,32099
2023-09-18,2399.858154296875,2423.3460238082657,2393.587999921026,2402.5452938916246,23983
2023-09-20,2411.65185546875,2457.2843906161493,2398.56435050017,2412.49791934125,54020
2023-09-21,2391.299072265625,2426.1828076253732,2385.6261675225187,2418.469581593542,20310
2023-09-22,2376.81787109375,2414.3391748756167,2363.879557508872,2414.3391748756167,21779
2023-09-25,2336.56005859375,2392.2445259053493,2333.8729187549443,2376.8180737771186,30498
2023-09-26,2327.602783203125,2353.778037886843,2321.1336258051274,2336.858703153618,21002
2023-09-27,2329.59326171875,2342.581387685036,2313.9678072725264,2327.60275177701,19087
2023-09-28,2284.707275390625,2342.6808740707174,2279.13375068517,2329.5931261759606,78289
2023-09-29,2288.837646484375,2320.1881784396996,2284.159996662079,2289.235651284589,22245
2023-10-03,2273.610107421875,2304.562633362216,2269.181271519071,2304.562633362216,23834
2023-10-04,2237.6318359375,2286.9963375049165,2233.3521908968332,2273.6102065257887,38963
2023-10-05,2288.240234375,2318.943945611691,2253.4063124452105,2259.9252807170737,28405
2023-10-06,2298.34228515625,2305.0104446683135,2286.2996031704283,2299.038915018914,18215
2023-10-09,2263.657470703125,2277.143223266013,2246.2903212025312,2269.1811840238242,22456
2023-10-10,2273.3115234375,2279.1338621559626,2250.2714682683977,2250.2714682683977,20155
2023-10-11,2276.24755859375,2308.9913473175916,2264.204877218759,2274.1574261296105,24742
2023-10-12,2262.21435546875,2287.0957276142485,2255.2973826087314,2276.2475465516713,15989
2023-10-13,2257.1884765625,2277.143387448419,2241.8118357637954,2262.2145627929444,16688
2023-10-16,2292.918212890625,2308.991483134232,2259.228735652891,2266.792770462921,25669
2023-10-17,2273.261962890625,2316.5555538708154,2267.19081041088,2316.5555538708154,23196
2023-10-18,2235.69091796875,2289.036434250636,2224.39467778134,2269.3801501852304,28658
2023-10-19,2222.4541015625,2265.7476916316987,2215.785942033332,2249.2761737100877,32804
2023-10-20,2214.89013671875,2240.318949940228,2204.4897708207927,2227.3308239129983,20763
2023-10-23,2180.852294921875,2238.2784539316017,2164.6794028317527,2238.2784539316017,32417
2023-10-25,2165.077392578125,2206.629284275256,2149.750564450367,2200.2099388250635,24880
2023-10-26,2142.734130859375,2165.1771789433624,2109.9405283198935,2165.077556253876,40189
2023-10-27,2169.65576171875,2189.0632329818304,2139.798113621703,2141.7886234948396,29165
2023-10-30,2134.523193359375,2176.5727140254976,2126.0635264798,2169.6557408792182,21401
2023-10-31,2132.433349609375,2160.4994905574886,2128.3527071281173,2133.8764206881046,17780
2023-11-01,2128.5517578125,2137.8574889839174,2116.957134593593,2132.433397988577,13784
2023-11-02,2137.9072265625,2144.774388432365,2120.1916400940972,2127.855054509697,11165
2023-11-03,2158.409423828125,2175.5775722116377,2140.196209120486,2151.84088675765,15081
2023-11-06,2201.4541015625,2209.5655750598353,2167.665245166552,2175.627284634565,28815
2023-11-07,2171.098876953125,2224.3948284871362,2145.9188779492083,2214.4422789189607,65553
2023-11-08,2136.712646484375,2164.67940635241,2131.8359946698215,2164.67940635241,49796
2023-11-09,2114.120361328125,2140.395235872714,2110.9355943178516,2129.845436982651,32350
2023-11-10,2117.40478515625,2132.930858682101,2113.9213930302585,2119.9427337301886,20776
2023-11-13,2121.087158203125,2144.4756479552784,2114.9166265245185,2144.4756479552784,24183
2023-11-15,2119.046875,2144.5254976551996,2114.9166643542403,2144.5254976551996,20948
2023-11-16,2128.302978515625,2144.774497148163,2121.8836324454214,2129.7958609962384,21817
2023-11-17,2124.47119140625,2139.051578393201,2120.191546770694,2128.3027769543155,22808
2023-11-20,2121.336181640625,2133.876491599915,2110.98562702629,2124.471380621534,29007
2023-11-21,2119.89306640625,2136.8124007390697,2109.940516798709,2122.829019944041,27150
2023-11-22,2133.87646484375,2159.7032826924165,2118.94764030901,2148.705666688724,23620
2023-11-23,2138.454345703125,2156.26955421917,2125.9142797406244,2133.876318948112,23303
2023-11-24,2144.27685546875,2153.7317777834187,2135.219937953409,2139.798208056539,16858
2023-11-28,2125.51611328125,2149.750668238751,2122.8787848857664,2139.8479301921393,23143
2023-11-29,2124.023193359375,2148.6061843042194,2119.892982628338,2147.7601204281473,25195
2023-11-30,2151.04443359375,2164.6793769347946,2120.2413434701193,2129.8454559266484,29476
2023-12-01,2152.437744140625,2176.373673310102,2140.84312163802,2151.044484460212,35251
2023-12-04,2131.039794921875,2177.61777396696,2123.8740080646676,2177.070335162264,63843
2023-12-05,2165.475830078125,2174.582315935425,2137.807693088828,2139.8480143904912,56591
2023-12-06,2286.448974609375,2363.68061017143,2164.679438649276,2165.5255025193123,444781
2023-12-07,2357.9580078125,2395.5786939795303,2297.347077808295,2312.9227207736244,190847
2023-12-08,2296.10302734375,2359.7495340846044,2274.4562317442815,2357.9580265420072,52553
2023-12-11,2262.16455078125,2313.967616336966,2255.9442077265808,2296.5506557838917,43453
2023-12-12,2265.64794921875,2282.1194662699413,2256.790277877026,2258.233348873309,26810
2023-12-13,2227.52978515625,2269.1813023059162,2219.4185544483303,2269.1813023059162,36001
2023-12-14,2238.427978515625,2277.143298415577,2223.449343100506,2227.5297425574954,37828
2023-12-15,2307.199951171875,2353.6783082303386,2240.9161180186443,2244.299887618641,107089
2023-12-18,2300.233154296875,2365.7707888774707,2290.081602569012,2307.199938833156,81030
2023-12-19,2322.825439453125,2384.630869276231,2308.9914927883374,2308.9914927883374,70241
2023-12-20,2258.382568359375,2373.682946187817,2249.3258945217035,2338.849024545648,64712
2023-12-21,2305.110107421875,2315.858666591891,2240.517914802186,2258.23350166643,62189
2023-12-22,2293.913330078125,2343.7256429297113,2273.9086095991534,2336.80867004164,39393
2023-12-26,2558.700927734375,2594.281293225506,2303.716650769193,2308.8919280623777,897334
2023-12-27,2510.6796875,2635.434986964778,2474.999944965015,2586.368871579313,453106
2023-12-28,2431.75634765625,2544.8171673662164,2418.5194078525947,2530.9334090197385,165238
2023-12-29,2523.7177734375,2555.5161209216453,2444.4458127956846,2453.3034847770627,301944
2024-01-01,2688.531982421875,2697.140840309705,2519.04002050266,2537.9000526899435,382516
2024-01-02,2678.429931640625,2722.02214474894,2612.6437287030776,2686.5909732039536,274792
2024-01-03,2635.285888671875,2678.231042117195,2625.58215301203,2678.231042117195,69898
2024-01-04,2649.119873046875,2706.8944717063764,2639.4161372481685,2655.837843984441,114003
2024-01-05,2628.56787109375,2679.2262494192523,2598.6106007554486,2670.268955123274,58847
2024-01-08,2533.47119140625,2634.837758466902,2527.9474780447995,2628.567846903146,86362
2024-01-09,2537.701171875,2590.35006261116,2510.5804739342434,2582.686647936261,68189
2024-01-10,2488.734619140625,2547.852665834705,2478.184819503287,2546.807599543301,71006
2024-01-11,2452.30810546875,2520.2342532764783,2443.3508112523464,2507.146748364262,70613
2024-01-12,2468.82958984375,2487.1421842032382,2446.386541545922,2448.327240152047,66939
2024-01-15,2427.625732421875,2476.244032059287,2423.4457103884783,2468.829431562332,53994
2024-01-16,2409.661376953125,2449.272571769746,2378.7090944145853,2433.398304230198,64162
2024-01-17,2393.637939453125,2436.384090483434,2379.00774044739,2398.564402804361,41823
2024-01-18,2349.050537109375,2418.369948404874,2318.944074341635,2388.611922068637,52964
2024-01-19,2363.581298828125,2394.533581769423,2348.7020430429593,2360.595533998807,32487
2024-01-23,2279.432373046875,2358.5053271913894,2248.33065705374,2346.26364318006,50789
2024-01-24,2259.4775390625,2322.775850762303,2251.814124581835,2289.136185022246,51334
2024-01-25,2243.453857421875,2297.048433888971,2235.4422494277096,2276.3470822488243,63839
2024-01-29,2250.37109375,2272.5650850363822,2244.299941283594,2255.9443757528,29092
2024-01-30,2260.970458984375,2286.1006467644365,2246.2406369564596,2264.2050376095312,39649
2024-01-31,2369.552734375,2387.6165136820673,2263.2096507348983,2263.2096507348983,121517
2024-02-01,2352.0859375,2367.7113907255075,2314.017437838272,2326.905940107708,33905
2024-02-02,2297.6953125,2387.6166971404036,2249.2762549134272,2387.6166971404036,71118
2024-02-05,2210.560791015625,2310.9819148423994,2199.513364255686,2297.6951645215668,79411
2024-02-06,2252.5107421875,2269.7287012400657,2211.506287269904,2224.494412828911,49671
2024-02-07,2232.506103515625,2273.4609915910683,2224.4446839946554,2269.181346595353,34197
2024-02-08,2206.530029296875,2272.017853419385,2180.4045869327483,2232.506037629622,44963
2024-02-09,2207.624755859375,2220.4138796562715,2169.6558752356214,2219.4186246676313,38027
2024-02-12,2156.91650390625,2239.3236633125866,2146.7649518956664,2214.4422892757802,38588
2024-02-13,2193.691162109375,2204.489775811297,2142.933158241937,2164.6795766995806,31743
2024-02-14,2198.41845703125,2208.4706287397817,2141.7885502694953,2141.7885502694953,18998
2024-02-15,2187.221923828125,2239.323617180729,2181.350016869272,2219.07008193914,26797
2024-02-16,2210.16259765625,2235.3425962460146,2190.158119142545,2190.158119142545,36926
2024-02-19,2212.949462890625,2258.2335647847212,2206.2314917305116,2224.544086292617,36220
2024-02-20,2198.219482421875,2229.221818817055,2194.5370878323747,2212.4516763044758,23003
2024-02-21,2202.250244140625,2222.4041555376866,2190.7051902956214,2204.5393789698073,25308
2024-02-22,2192.34765625,2214.3924562377792,2176.6225794163565,2204.5395294085965,20109
2024-02-23,2171.596435546875,2207.4754241984715,2167.66522718858,2206.6293603191475,30535
2024-02-26,2146.61572265625,2185.579856511854,2141.7886389861155,2170.1534048834687,50704
2024-02-27,2145.37158203125,2170.5017685186176,2140.79331225059,2149.7506064441072,21123
2024-02-28,2143.281494140625,2163.883222618124,2122.8787680529153,2146.7648863995023,23153
2024-02-29,2133.279052734375,2159.006488922501,2128.8004057139224,2143.3312243509176,33139
2024-03-01,2113.97119140625,2160.6983597561825,2110.885804063577,2134.821732693234,42779
2024-03-04,2114.22021484375,2149.7507692389026,2111.781888725076,2141.689106661387,33154
2024-03-05,2216.930419921875,2253.257225904882,2110.7865757972704,2111.9310218066075,296114
2024-03-06,2158.210205078125,2247.235705406869,2140.5444309761483,2229.3709289255244,78536
2024-03-07,2128.103759765625,2177.468499298892,2124.8691813864652,2140.8430709015147,55133
2024-03-11,2093.618408203125,2142.535091760475,2090.035393193356,2128.0540836540595,47744
2024-03-12,2030.369873046875,2121.8337041239038,2028.3295518394168,2100.087529644461,70902
2024-03-13,1965.72802734375,2055.101848954416,1956.8702339909978,2011.4600651885025,77925
2024-03-14,1957.3677978515625,2010.464744898496,1947.7636850895656,1965.7279634576357,65686
2024-03-15,1972.396240234375,2003.895961118685,1955.6759090566954,1955.6759090566954,38612
2024-03-18,1971.799072265625,2001.4577185814655,1965.6285401284904,1972.4460122859093,29882
2024-03-19,1951.6949462890625,1984.3890469197577,1950.6996913444991,1970.6047902357695,32543
2024-03-20,1904.519775390625,1970.5549145065788,1900.9368820054794,1965.5289500953998,47084
2024-03-21,1909.744873046875,1940.7470880073622,1903.9226560810687,1923.8277544196058,48158
2024-03-22,1936.3182373046875,1974.137923856518,1909.894170867438,1909.894170867438,89165
2024-03-26,1876.6527099609375,1935.8703795029505,1866.1528431300706,1917.8562892009916,120002
2024-03-27,1833.60791015625,1905.9132056776957,1816.3402612855325,1880.384892227713,127579
2024-03-28,1805.3426513671875,1862.4206194180774,1799.420933065534,1833.607915985681,132096
2024-04-01,1893.024658203125,1906.8089144669623,1811.8615713514291,1816.3402184654535,109397
2024-04-02,1911.9842529296875,1939.7518902280906,1895.3635439238583,1905.9132220558201,59416
2024-04-03,1938.9058837890625,1946.3702956393724,1906.5600991043862,1914.9202646749488,51874
2024-04-04,2148.954345703125,2188.5655395816616,1952.0431867333862,1970.6047150394224,1497665
2024-04-05,2093.618408203125,2137.8076307520614,2078.4903385904695,2127.8550812606645,265432
2024-04-08,2070.13037109375,2113.9215904822718,2057.241867620154,2109.8409478463805,58861
2024-04-09,2103.77001953125,2175.6273802930773,2060.177802930773,2070.1303527033856,209397
2024-04-10,2130.542236328125,2166.670039837793,2080.630297463176,2106.307923931826,128073
2024-04-12,2121.336181640625,2152.6369022111685,2110.1395630991783,2144.7744850504882,67327
2024-04-15,2050.623046875,2105.9095037673765,2018.376886123868,2104.964060232732,57261
2024-04-16,2041.367431640625,2067.4430615398946,2025.8911692805245,2035.346090872477,37702
2024-04-18,2039.376953125,2086.9003755400895,2032.36035734477,2061.27256135813,35962
2024-04-19,2016.8343505859375,2032.310613699031,2000.4624552081548,2032.310613699031,23662
2024-04-22,2010.96240234375,2048.0356485772445,2007.429198737146,2034.3010819131016,32342
2024-04-23,2101.13232421875,2119.8929766273054,2016.4859662860958,2016.4859662860958,112367
2024-04-24,2089.438232421875,2137.807722212286,2080.381557786538,2128.7508045947734,33525
2024-04-25,2062.81494140625,2101.9783183467157,2055.2013387244165,2099.987808575554,33083
2024-04-26,2067.393310546875,2090.085171626383,2060.1279009361247,2062.8648520031625,26027
2024-04-29,2060.426513671875,2090.0353477652156,2048.334263495526,2090.0353477652156,25067
2024-04-30,2035.4456787109375,2069.1350343613167,2030.2702800930178,2068.139779414534,29683
2024-05-02,2018.8746337890625,2037.4361626079422,2010.3651555062133,2010.4149668493499,22753
2024-05-03,2036.689697265625,2088.0448269574003,2018.3769823973346,2040.272590687641,26502
2024-05-06,2011.4102783203125,2060.1777714611812,2000.4624737376687,2036.6897786548163,27421
2024-05-07,1994.4908447265625,2012.9030606085194,1978.5667661259513,2006.433903677021,29560
2024-05-08,2089.935791015625,2131.935744667228,1952.7400407196164,1994.4909376493251,192893
2024-05-09,1989.9127197265625,2101.082767653393,1972.9435746726667,2098.9926351197273,197415
2024-05-10,1967.51953125,2034.7489301013127,1938.7068276070809,1940.7471488471738,45016
2024-05-13,1939.5528564453125,1987.4742841384927,1926.3657286210116,1970.604761669121,27246
2024-05-14,1953.9342041015625,1961.0503010137224,1930.695026226967,1945.1759122879691,28568
2024-05-15,1942.7874755859375,1980.5573523778148,1932.8846159293987,1967.0715991960956,32224
2024-05-16,1991.1568603515625,1998.4719600105557,1945.6239459240312,1945.6239459240312,47737
2024-05-17,2005.1898193359375,2015.2916809173194,1983.5928364993915,1991.1567494772416,37623
2024-05-21,1986.1805419921875,2021.4622809598325,1982.547837169038,2021.362779764215,32612
2024-05-22,1975.6805419921875,1999.11884424644,1969.6095112028154,1986.1805301253503,27269
2024-05-23,1964.3843994140625,1991.0074685384836,1957.6664287004235,1979.661538146122,30367
2024-05-24,1951.0479736328125,1974.3369632441543,1940.7471094271461,1940.7471094271461,25900
2024-05-27,1939.5030517578125,1964.0858000200938,1935.6713445618566,1951.893927084092,29041
2024-05-28,1929.500732421875,1961.4485136662647,1921.8373178657623,1952.3419065309315,27552
2024-05-29,1913.3775634765625,1945.5243456492187,1902.0316332102673,1930.794524392474,33260
2024-05-30,1903.9227294921875,1924.0268309928488,1900.4393371486315,1915.7662877584946,26386
2024-05-31,1884.415771484375,1915.8658040209962,1866.1030558646069,1905.4156269081545,36586
2024-06-03,1882.873046875,1930.7447855196342,1871.0793000532003,1915.8657726608567,33204
2024-06-04,1832.9112548828125,1898.697581053818,1806.3876868628909,1898.5482685170186,48725
2024-06-05,1921.1903076171875,1927.8087771233902,1817.833108629774,1855.0556668796753,42422
2024-06-06,1962.493408203125,1966.6237404582753,1930.7447516576322,1940.7471122943505,38277
2024-06-07,1958.562255859375,1977.2232863191402,1952.1925998308918,1962.4934643464655,20750
2024-06-10,1989.0169677734375,2012.3059573185378,1951.9437218141877,1959.656947483562,58551
2024-06-11,2004.4932861328125,2012.0073881312385,1959.7068132601742,2000.3629537807858,54083
2024-06-12,2000.3131103515625,2028.0807473854202,1970.6047747874527,2009.3699059778746,38524
2024-06-13,2011.9078369140625,2024.348523513828,1991.306108501283,2010.4149545220907,36467
2024-06-14,2010.066650390625,2038.2821034522087,1995.486141319179,2011.9078477190624,44790
2024-06-18,1984.090576171875,2023.3533357883537,1980.5573724637597,2023.3533357883537,42407
2024-06-19,1995.436279296875,2060.9241008429453,1985.6330427508058,1987.7230537594935,89568
2024-06-20,2094.016357421875,2141.688971027732,1991.1069741134777,1996.232561263748,390700
2024-06-21,2102.277099609375,2150.745967542,2075.305593013274,2129.248363223308,104733
2024-06-24,2097.449951171875,2139.798096990135,2066.746482406685,2099.0424562508715,112635
2024-06-25,2120.64990234375,2129.800048828125,2088.199951171875,2105.0,51576
2024-06-26,2081.699951171875,2139.550048828125,2058.050048828125,2129.89990234375,55147
2024-06-27,2130.10009765625,2168.800048828125,2071.0,2075.0,189196
2024-06-28,2136.800048828125,2168.0,2095.0,2141.949951171875,125470
2024-07-01,2162.0,2180.0,2127.60009765625,2145.949951171875,94882
2024-07-02,2145.050048828125,2204.0,2135.0,2183.949951171875,115281
2024-07-03,2116.64990234375,2162.0,2105.5,2155.949951171875,45602
2024-07-04,2145.64990234375,2160.0,2108.300048828125,2124.0,49895
2024-07-05,2128.35009765625,2148.89990234375,2114.14990234375,2139.0,31304
2024-07-08,2095.10009765625,2139.949951171875,2090.0,2130.0,46452
2024-07-09,2094.64990234375,2122.89990234375,2080.0,2095.10009765625,41770
2024-07-10,2056.800048828125,2108.60009765625,2030.050048828125,2096.60009765625,36119
2024-07-11,2050.550048828125,2080.0,2042.6500244140625,2065.0,21299
2024-07-12,2075.699951171875,2108.550048828125,2057.300048828125,2058.300048828125,41077
2024-07-15,2045.949951171875,2080.0,2037.8499755859375,2075.64990234375,42520
2024-07-16,2060.5,2085.449951171875,2045.9000244140625,2045.949951171875,35693
2024-07-18,2046.4000244140625,2065.949951171875,2034.9000244140625,2060.5,48911
2024-07-19,2009.699951171875,2049.0,2004.0999755859375,2045.0,50453
2024-07-22,2019.9000244140625,2032.3499755859375,1980.0,1980.0,40957
2024-07-23,2013.8499755859375,2034.050048828125,1979.25,2034.050048828125,41028
2024-07-24,2017.9000244140625,2055.199951171875,2008.0,2013.8499755859375,25333
2024-07-25,2013.300048828125,2025.0,1995.0,2017.9000244140625,17920
2024-07-26,2050.39990234375,2108.0,2015.050048828125,2024.0,77724
2024-07-29,2060.10009765625,2120.300048828125,2052.0,2056.0,88930
2024-07-30,2093.35009765625,2118.0,2060.10009765625,2064.949951171875,64133
2024-07-31,2124.14990234375,2138.14990234375,2083.300048828125,2100.0,64067
2024-08-01,2108.60009765625,2154.64990234375,2080.5,2126.0,153414
2024-08-02,2137.14990234375,2150.0,2083.10009765625,2100.0,86745
2024-08-05,2080.39990234375,2105.64990234375,2055.0,2065.0,66931
2024-08-06,2085.39990234375,2135.0,2073.0,2082.0,68505
2024-08-07,2106.5,2120.0,2072.050048828125,2100.0,34816
2024-08-08,2087.35009765625,2129.75,2069.0,2105.0,37573
2024-08-09,2085.85009765625,2106.89990234375,2053.050048828125,2103.949951171875,37987
2024-08-12,2056.300048828125,2086.949951171875,2050.050048828125,2086.949951171875,20508
2024-08-13,2021.9000244140625,2062.60009765625,2000.0,2056.300048828125,33793
2024-08-14,1995.949951171875,2025.449951171875,1961.9000244140625,2020.0,33638
2024-08-16,2008.449951171875,2030.9000244140625,1984.5,1996.1500244140625,33181
2024-08-19,2006.4000244140625,2028.3499755859375,1991.0,2008.550048828125,31474
2024-08-20,2018.75,2045.0,2002.0,2008.9000244140625,26469
2024-08-21,2028.949951171875,2059.949951171875,2016.8499755859375,2020.0,27055
2024-08-22,2098.949951171875,2147.85009765625,2030.199951171875,2030.199951171875,191045
2024-08-23,2082.39990234375,2101.64990234375,2071.0,2071.10009765625,52191
2024-08-26,2080.550048828125,2109.0,2061.5,2098.800048828125,36388
2024-08-27,2127.75,2179.35009765625,2081.25,2095.0,157648
2024-08-28,2113.199951171875,2143.89990234375,2101.0,2128.0,34159
2024-08-29,2107.25,2128.0,2084.10009765625,2114.0,42692
2024-08-30,2104.85009765625,2122.949951171875,2085.0,2111.25,26284
2024-09-02,2100.050048828125,2124.64990234375,2079.0,2106.800048828125,29438
2024-09-03,2117.10009765625,2142.050048828125,2095.0,2114.449951171875,63824
2024-09-04,2171.39990234375,2229.0,2106.35009765625,2117.10009765625,392897
2024-09-05,2222.14990234375,2249.39990234375,2181.0,2190.0,189846
2024-09-06,2263.699951171875,2337.949951171875,2227.550048828125,2233.050048828125,400150
2024-09-09,2301.35009765625,2319.0,2217.10009765625,2270.0,135602
2024-09-10,2291.449951171875,2319.0,2270.0,2312.85009765625,83652
2024-09-11,2274.800048828125,2312.0,2267.0,2287.0,62291
2024-09-12,2257.85009765625,2288.0,2233.39990234375,2279.949951171875,60639
2024-09-13,2235.949951171875,2288.25,2222.0,2262.0,46722
2024-09-16,2224.449951171875,2312.39990234375,2207.10009765625,2250.0,98038
2024-09-17,2217.5,2243.050048828125,2193.10009765625,2243.050048828125,59933
2024-09-18,2367.050048828125,2456.699951171875,2225.0,2225.0,2201239
2024-09-19,2377.199951171875,2498.85009765625,2305.0,2403.0,769133
2024-09-20,2396.25,2440.25,2350.0,2397.949951171875,252066
2024-09-23,2395.60009765625,2440.949951171875,2355.0,2432.85009765625,118250
2024-09-24,2380.14990234375,2456.0,2361.949951171875,2395.60009765625,182810
2024-09-25,2356.300048828125,2391.550048828125,2335.550048828125,2380.14990234375,69565
2024-09-26,2335.949951171875,2369.60009765625,2323.0,2366.0,58839
2024-09-27,2296.699951171875,2370.199951171875,2280.0,2369.949951171875,84473
2024-09-30,2293.25,2326.75,2269.550048828125,2309.949951171875,82733
2024-10-01,2409.699951171875,2443.14990234375,2285.0,2288.0,225161
2024-10-03,2339.449951171875,2420.0,2315.199951171875,2370.300048828125,230420
2024-10-04,2290.0,2350.949951171875,2230.0,2339.0,120037
2024-10-07,2199.5,2318.89990234375,2178.60009765625,2290.0,109496
2024-10-08,2261.89990234375,2289.89990234375,2185.050048828125,2185.050048828125,64993
2024-10-09,2294.85009765625,2339.0,2260.0,2289.85009765625,49198
2024-10-10,2300.25,2349.0,2281.550048828125,2294.85009765625,36579
2024-10-11,2277.14990234375,2309.949951171875,2262.5,2307.0,35030
2024-10-14,2335.699951171875,2350.0,2254.89990234375,2277.14990234375,83538
2024-10-15,2331.050048828125,2390.949951171875,2314.25,2350.0,95778
2024-10-16,2329.10009765625,2348.0,2301.85009765625,2330.0,44758
2024-10-17,2250.300048828125,2328.449951171875,2220.10009765625,2326.0,53710
2024-10-18,2237.60009765625,2261.949951171875,2205.0,2245.0,51848
2024-10-21,2173.949951171875,2252.199951171875,2153.0,2237.60009765625,52692
2024-10-22,2075.300048828125,2182.699951171875,2018.050048828125,2163.0,96973
2024-10-23,2088.050048828125,2114.0,2039.949951171875,2055.0,52104
2024-10-24,2080.550048828125,2112.949951171875,2061.0,2088.050048828125,32146
2024-10-25,2001.5,2080.5,1974.949951171875,2065.0,55555
2024-10-28,2018.6500244140625,2038.800048828125,1989.0,2002.25,38674
2024-10-29,2029.4000244140625,2045.050048828125,1978.050048828125,2018.6500244140625,46472
2024-10-30,2061.60009765625,2087.75,2012.9000244140625,2012.9000244140625,35532
2024-10-31,2090.949951171875,2099.0,2051.0,2051.0,29426
2024-11-01,2117.0,2122.050048828125,2090.949951171875,2104.699951171875,7562
2024-11-04,2105.89990234375,2129.949951171875,2058.0,2114.949951171875,39333
2024-11-05,2129.0,2270.0,2086.300048828125,2105.89990234375,297412
2024-11-06,2133.5,2177.550048828125,2115.0,2175.0,85641
2024-11-07,2123.64990234375,2164.0,2106.0,2145.0,52582
2024-11-08,2055.949951171875,2139.800048828125,2050.0,2139.800048828125,52400
2024-11-11,2017.3499755859375,2050.0,1993.5999755859375,2050.0,54128
2024-11-12,1990.75,2032.199951171875,1980.0,2023.199951171875,38456
2024-11-13,1933.300048828125,1995.0,1928.0,1980.75,55880
2024-11-14,1954.3499755859375,1969.949951171875,1903.550048828125,1950.199951171875,45889
2024-11-18,1925.300048828125,1963.1500244140625,1913.3499755859375,1960.050048828125,29943
2024-11-19,1948.9000244140625,1970.0,1928.6500244140625,1939.3499755859375,22927
2024-11-21,1912.199951171875,1953.199951171875,1908.0,1950.0,24633
2024-11-22,1914.6500244140625,1942.0,1909.0,1930.0,21718
2024-11-25,1934.199951171875,1954.0,1927.8499755859375,1927.8499755859375,21715
2024-11-26,1943.300048828125,1962.8499755859375,1924.3499755859375,1942.0,25297
2024-11-27,1962.75,1984.25,1906.0,1950.0,30827
2024-11-28,1972.550048828125,2005.75,1956.4000244140625,1972.0,22850
2024-11-29,1964.800048828125,1995.449951171875,1953.0,1983.199951171875,18926
2024-12-02,1980.25,1996.0,1945.5,1985.949951171875,30853
2024-12-03,2055.35009765625,2061.0,1984.4000244140625,1986.0,55846
2024-12-04,2066.89990234375,2090.0,2055.35009765625,2065.0,33164
2024-12-05,2037.199951171875,2089.949951171875,2027.0,2071.050048828125,26647
2024-12-06,2049.5,2059.550048828125,2033.449951171875,2045.0,25404
2024-12-09,2022.199951171875,2050.949951171875,2003.25,2049.5,30631
2024-12-10,2001.3499755859375,2040.949951171875,1995.050048828125,2019.800048828125,42266
2024-12-11,1998.8499755859375,2035.0,1994.800048828125,2015.1500244140625,24555
2024-12-12,1983.0,2004.550048828125,1980.699951171875,1998.8499755859375,19146
2024-12-13,1976.699951171875,1990.0,1950.0,1983.0,29398
2024-12-16,1973.800048828125,1992.0,1968.0,1975.300048828125,19454
2024-12-17,1944.5,1979.0,1941.0,1973.800048828125,25486
2024-12-18,1933.4000244140625,1958.5999755859375,1930.0,1950.0,22148
2024-12-19,1931.0,1943.800048828125,1908.050048828125,1918.0999755859375,25039
2024-12-20,1872.5999755859375,1943.800048828125,1821.949951171875,1931.0,45539
2024-12-23,1855.050048828125,1895.199951171875,1850.0,1877.300048828125,29532
2024-12-24,1872.5,1879.449951171875,1851.050048828125,1856.449951171875,16464
2024-12-26,1855.050048828125,1887.0,1840.0,1840.0,28550
2024-12-27,1833.949951171875,1867.6500244140625,1825.0,1863.0,42169
2024-12-30,1720.75,1835.800048828125,1701.5,1818.0,189278
2024-12-31,1762.050048828125,1772.0,1720.75,1720.75,84659
2025-01-01,1810.199951171875,1814.949951171875,1762.0999755859375,1762.0999755859375,39462
2025-01-02,1789.449951171875,1810.199951171875,1776.800048828125,1810.0,35400
2025-01-03,1790.0,1810.8499755859375,1780.0,1780.0,29635
2025-01-06,1732.5999755859375,1790.0,1716.550048828125,1790.0,50401
2025-01-07,1735.6500244140625,1750.0,1726.1500244140625,1733.800048828125,25980
2025-01-08,1738.800048828125,1754.9000244140625,1715.699951171875,1744.050048828125,27619
2025-01-09,1870.199951171875,1968.800048828125,1741.050048828125,1750.449951171875,2355843
2025-01-10,1768.449951171875,1830.0,1756.0,1804.0,185411
2025-01-13,1725.699951171875,1759.1500244140625,1720.0,1742.0,76945
2025-01-14,1764.8499755859375,1775.0,1711.6500244140625,1737.4000244140625,72622
2025-01-15,1745.6500244140625,1781.949951171875,1740.0,1781.5,27404
2025-01-16,1748.199951171875,1774.25,1730.699951171875,1756.25,27363
2025-01-17,1754.8499755859375,1792.0,1737.949951171875,1749.0,23550
2025-01-20,1781.050048828125,1785.0,1748.449951171875,1769.800048828125,28726
2025-01-21,1767.3499755859375,1824.5999755859375,1741.0999755859375,1780.0,36575
2025-01-22,1742.1500244140625,1779.800048828125,1725.0,1760.5,29096
2025-01-23,1763.75,1773.9000244140625,1741.0999755859375,1744.9000244140625,18284
2025-01-24,1741.5999755859375,1775.1500244140625,1736.3499755859375,1765.949951171875,21711
2025-01-27,1676.25,1750.0,1651.0999755859375,1744.949951171875,57418
2025-01-28,1632.5999755859375,1687.8499755859375,1607.0,1680.0,73921
2025-01-29,1684.0,1695.0,1633.050048828125,1633.050048828125,33154
2025-01-30,1701.199951171875,1719.949951171875,1680.949951171875,1689.8499755859375,32311
2025-01-31,1699.75,1718.75,1680.75,1709.949951171875,82541
2025-02-03,1746.300048828125,1754.8499755859375,1694.5,1717.6500244140625,67537
2025-02-04,1760.25,1780.0,1726.199951171875,1762.050048828125,52607
2025-02-05,1789.550048828125,1803.800048828125,1740.0,1740.0,39611
2025-02-06,1819.3499755859375,1831.8499755859375,1775.449951171875,1780.0,74468
2025-02-07,1816.199951171875,1830.0,1795.5999755859375,1813.800048828125,26602
2025-02-10,1787.800048828125,1825.0,1776.199951171875,1820.0,40105
2025-02-11,1759.6500244140625,1791.6500244140625,1735.949951171875,1787.800048828125,52282
2025-02-12,1733.300048828125,1759.949951171875,1700.4000244140625,1755.0,50663
2025-02-13,1722.8499755859375,1783.1500244140625,1701.5,1712.0,50637
2025-02-14,1654.6500244140625,1725.0,1635.0,1712.4000244140625,46811
2025-02-17,1612.25,1653.9000244140625,1589.1500244140625,1621.199951171875,55676
2025-02-18,1603.0,1620.199951171875,1570.1500244140625,1600.5,36233
2025-02-19,1659.0999755859375,1698.4000244140625,1582.0,1582.0,77447
2025-02-20,1701.050048828125,1710.0,1635.0,1659.9000244140625,21144
2025-02-21,1695.699951171875,1719.800048828125,1660.0,1680.0,22551
2025-02-24,1627.75,1679.4000244140625,1606.3499755859375,1677.050048828125,57525
2025-02-25,1620.9000244140625,1641.699951171875,1607.5,1620.0999755859375,28464
2025-02-27,1616.050048828125,1620.8499755859375,1584.4000244140625,1619.25,26971
2025-02-28,1590.8499755859375,1608.9000244140625,1577.1500244140625,1605.0,54343
