Date,HD,VOD,ORCL,VOO
2018-01-02,168.10223388671875,24.33869743347168,43.14543914794922,228.3187255859375
2018-01-03,168.9783935546875,24.17996597290039,44.14472961425781,229.6770782470703
2018-01-04,170.31944274902344,24.421844482421875,44.57961654663086,230.68429565429688
2018-01-05,172.0985565185547,24.62592315673828,44.847938537597656,232.1627197265625
2018-01-08,171.687255859375,24.693952560424805,45.31983947753906,232.64321899414062
2018-01-09,172.6349639892578,24.641042709350586,45.57062911987305,233.13296508789062
2018-01-10,171.4727020263672,23.922975540161133,45.32912826538086,232.7356414794922
2018-01-11,174.04750061035156,23.764245986938477,45.46845245361328,234.45431518554688
2018-01-12,175.60308837890625,24.134613037109375,45.98862075805664,236.0067138671875
2018-01-16,175.5047149658203,24.43695640563965,46.062931060791016,235.1473388671875
2018-01-17,178.64273071289062,23.673540115356445,46.6945686340332,237.4204559326172
2018-01-18,177.3106689453125,23.87006187438965,46.65740966796875,237.09701538085938
2018-01-19,179.99273681640625,23.87006187438965,46.982513427734375,238.104248046875
2018-01-22,182.791015625,24.308462142944336,47.103267669677734,240.01693725585938
2018-01-23,183.18431091308594,24.429399490356445,47.48410415649414,240.56219482421875
2018-01-24,184.36444091796875,24.467193603515625,47.7906379699707,240.44203186035156
2018-01-25,183.60452270507812,24.33869743347168,47.92997360229492,240.55296325683594
2018-01-26,185.26739501953125,24.489870071411133,48.9981803894043,243.3527374267578
2018-01-29,183.20223999023438,24.255552291870117,48.245784759521484,241.67098999023438
2018-01-30,180.42185974121094,24.232877731323242,47.33549118041992,239.09291076660156
2018-01-31,179.6082763671875,24.353816986083984,47.920692443847656,239.31472778320312
2018-02-01,178.71426391601562,23.28805160522461,47.95783615112305,239.074462890625
2018-02-02,173.41273498535156,23.46946144104004,46.56452560424805,233.95533752441406
2018-02-05,163.7036895751953,22.003089904785156,44.66961669921875,224.3454132080078
2018-02-06,170.79324340820312,22.388578414916992,45.88644027709961,228.49432373046875
2018-02-07,171.01675415039062,22.2147274017334,45.394142150878906,227.2469024658203
2018-02-08,162.0140380859375,21.466428756713867,43.50851821899414,218.80123901367188
2018-02-09,164.6066436767578,21.57225227355957,44.3352165222168,222.17398071289062
2018-02-12,164.5530242919922,21.504220962524414,44.725345611572266,225.2232666015625
2018-02-13,164.24908447265625,21.405960083007812,45.04117202758789,225.98094177246094
2018-02-14,165.11627197265625,21.51934051513672,45.932891845703125,228.93788146972656
2018-02-15,165.63478088378906,21.730979919433594,47.038246154785156,231.9039764404297
2018-02-16,167.15463256835938,21.90482521057129,47.103267669677734,231.87628173828125
2018-02-20,166.9221954345703,21.655393600463867,46.341590881347656,230.47177124023438
2018-02-21,163.65896606445312,21.353046417236328,45.914302825927734,229.26126098632812
2018-02-22,165.8135528564453,21.436195373535156,46.062931060791016,229.53846740722656
2018-02-23,168.3883819580078,21.88970947265625,46.90821075439453,233.30850219726562
2018-02-26,168.4866943359375,22.018207550048828,47.530555725097656,235.9974365234375
2018-02-27,165.37551879882812,21.60248374938965,47.12184143066406,232.98513793945312
2018-02-28,162.9527130126953,21.398401260375977,47.06611251831055,230.39779663085938
2018-03-01,160.6014404296875,21.09605598449707,46.17439270019531,227.3577423095703
2018-03-02,159.5465087890625,21.20187759399414,46.74101638793945,228.56826782226562
2018-03-05,162.4788818359375,21.436195373535156,47.642032623291016,231.19253540039062
2018-03-06,162.38951110839844,21.587364196777344,47.83707809448242,231.77462768554688
2018-03-07,160.56427001953125,21.640275955200195,48.04143524169922,231.67300415039062
2018-03-08,159.98886108398438,21.88970947265625,48.422279357910156,232.75408935546875
2018-03-09,163.7831268310547,21.950180053710938,49.20253372192383,236.7828369140625
2018-03-12,161.58030700683594,21.950180053710938,49.13751220703125,236.55186462402344
2018-03-13,160.3574676513672,21.647836685180664,48.840274810791016,234.99024963378906
2018-03-14,159.5122833251953,21.723421096801758,48.5987663269043,233.75209045410156
2018-03-15,160.1057586669922,21.496665954589844,48.645206451416016,233.53030395507812
2018-03-16,160.90594482421875,21.54201316833496,48.55231857299805,233.77052307128906
2018-03-19,159.23361206054688,21.37572479248047,48.255069732666016,230.64735412597656
2018-03-20,160.18666076660156,21.111175537109375,43.70359420776367,231.05386352539062
2018-03-21,160.0608367919922,21.29258155822754,43.675724029541016,230.51795959472656
2018-03-22,157.606201171875,20.68033218383789,42.62609100341797,224.78895568847656
2018-03-23,154.46827697753906,20.718124389648438,41.604331970214844,220.0024871826172
2018-03-26,158.5862274169922,21.05070686340332,43.17412567138672,226.05844116210938
2018-03-27,157.05770874023438,20.85417938232422,42.15237045288086,222.14120483398438
2018-03-28,157.12965393066406,20.91465187072754,41.780818939208984,221.5192413330078
2018-03-29,160.25860595703125,21.028030395507812,42.49605178833008,224.71249389648438
2018-04-02,155.45729064941406,20.725685119628906,41.80867385864258,219.5142059326172
2018-04-03,156.23049926757812,20.922208786010742,41.69721221923828,222.29896545410156
2018-04-04,159.539306640625,21.398401260375977,42.27312469482422,224.86097717285156
2018-04-05,161.0587921142578,21.7536563873291,42.69111251831055,226.4854278564453
2018-04-06,156.85093688964844,21.783889770507812,41.64148712158203,221.50071716308594
2018-04-09,155.106689453125,21.882152557373047,41.70650863647461,222.40106201171875
2018-04-10,155.98779296875,22.229846954345703,42.561073303222656,226.0677032470703
2018-04-11,155.42132568359375,22.229846954345703,42.366004943847656,224.87026977539062
2018-04-12,155.8708953857422,22.47928237915039,42.616798400878906,226.75465393066406
2018-04-13,155.36740112304688,22.5019588470459,42.80258560180664,226.12344360351562
2018-04-16,156.8329620361328,22.67580223083496,42.951812744140625,227.96139526367188
2018-04-17,157.26458740234375,22.547306060791016,43.52077102661133,230.41195678710938
2018-04-18,161.7061767578125,22.47928237915039,43.91252517700195,230.5419158935547
2018-04-19,159.2156219482422,22.267641067504883,43.670013427734375,229.2794647216797
2018-04-20,159.1526641845703,22.47928237915039,43.11970138549805,227.42295837402344
2018-04-23,159.73709106445312,22.728713989257812,42.718631744384766,227.32089233398438
2018-04-24,158.47833251953125,22.554868698120117,42.466800689697266,224.2205047607422
2018-04-25,159.49436950683594,22.35834312438965,42.67200469970703,224.79600524902344
2018-04-26,166.98399353027344,22.622896194458008,42.86787033081055,227.10739135742188
2018-04-27,167.64932250976562,22.305431365966797,42.466800689697266,227.3487091064453
2018-04-30,166.15679931640625,22.229846954345703,42.597381591796875,225.49220275878906
2018-05-01,166.0039520263672,22.018207550048828,42.85853958129883,225.97488403320312
2018-05-02,167.1548309326172,22.01064682006836,42.44814682006836,224.4340057373047
2018-05-03,164.70921325683594,21.912385940551758,42.028419494628906,223.9049072265625
2018-05-04,166.36355590820312,21.806564331054688,42.63468551635742,226.8753204345703
2018-05-07,165.04190063476562,21.799007415771484,42.97047424316406,227.58078002929688
2018-05-08,166.37258911132812,21.587364196777344,42.84920883178711,227.57150268554688
2018-05-09,167.5594024658203,21.768774032592773,43.44615936279297,229.78077697753906
2018-05-10,168.2786865234375,21.7536563873291,43.772605895996094,231.93431091308594
2018-05-11,171.11093139648438,21.7460994720459,43.670013427734375,232.5005645751953
2018-05-14,171.80325317382812,21.44375228881836,43.670013427734375,232.7604217529297
2018-05-15,169.01597595214844,20.438459396362305,43.66067886352539,231.16384887695312
2018-05-16,167.57742309570312,20.105878829956055,43.5860710144043,232.14779663085938
2018-05-17,166.63331604003906,20.113439559936523,43.40884780883789,231.95289611816406
2018-05-18,168.5124969482422,19.962268829345703,43.20365524291992,231.3773193359375
2018-05-21,170.64337158203125,20.060529708862305,44.03377151489258,233.07606506347656
2018-05-22,168.01800537109375,20.36287498474121,43.25027847290039,232.40768432617188
2018-05-23,167.838134765625,20.09832000732422,43.74462890625,233.13177490234375
2018-05-24,168.26971435546875,19.879119873046875,43.334228515625,232.68618774414062
2018-05-25,168.0,19.773300170898438,43.8379020690918,232.1013641357422
2018-05-29,166.33660888671875,19.58433723449707,43.147682189941406,229.41868591308594
2018-05-30,169.15757751464844,19.78085708618164,43.88452911376953,232.44485473632812
2018-05-31,168.66934204101562,19.599454879760742,43.576744079589844,230.94107055664062
2018-06-01,169.3926239013672,19.84132957458496,44.16435623168945,233.37313842773438
2018-06-04,173.01828002929688,19.962268829345703,44.13636779785156,234.40350341796875
2018-06-05,173.54270935058594,19.833770751953125,43.95915603637695,234.7283477783203
2018-06-06,175.03456115722656,20.045412063598633,44.53744125366211,236.6034393310547
2018-06-07,177.36724853515625,19.9534912109375,44.4721565246582,236.4920654296875
2018-06-08,179.32022094726562,19.97726058959961,44.93850326538086,237.2346649169922
2018-06-11,180.504638671875,20.08820152282715,44.94783401489258,237.54098510742188
2018-06-12,182.0146026611328,20.016883850097656,45.19034957885742,237.9401092529297
2018-06-13,181.11044311523438,19.56519889831543,45.022464752197266,236.99331665039062
2018-06-14,180.53173828125,19.795001983642578,42.81191635131836,237.68019104003906
2018-06-15,181.31837463378906,19.60481834411621,43.16633605957031,237.47596740722656
2018-06-18,181.45399475097656,19.406709671020508,43.39019012451172,236.9097900390625
2018-06-19,180.11587524414062,19.42255973815918,43.15700912475586,236.00933837890625
2018-06-20,179.9983367919922,19.48595428466797,39.939125061035156,236.43637084960938
2018-06-21,181.11044311523438,19.39086151123047,40.20028305053711,234.96041870117188
2018-06-22,178.48841857910156,19.707836151123047,41.13300704956055,235.378173828125
2018-06-25,177.55709838867188,19.446331024169922,41.300899505615234,232.1199493408203
2018-06-26,177.53900146484375,19.264070510864258,41.42215347290039,232.6304931640625
2018-06-27,176.32749938964844,19.05011558532715,40.52674102783203,230.69973754882812
2018-06-28,176.499267578125,19.208600997924805,40.890506744384766,232.1051788330078
2018-06-29,176.3997802734375,19.264070510864258,41.095706939697266,232.69268798828125
2018-07-02,175.42332458496094,19.208600997924805,41.92582702636719,232.963134765625
2018-07-03,175.0616455078125,19.46217918395996,41.711299896240234,232.02117919921875
2018-07-05,175.7759552001953,19.795001983642578,42.35487747192383,234.0076141357422
2018-07-06,175.8392333984375,20.064428329467773,42.90517807006836,235.95680236816406
2018-07-09,177.28587341308594,19.96933937072754,43.5860710144043,238.0457763671875
2018-07-10,178.6692352294922,19.985187530517578,43.828582763671875,238.87583923339844
2018-07-11,178.072509765625,19.24822425842285,44.43484115600586,237.24378967285156
2018-07-12,178.97662353515625,19.303691864013672,44.91053009033203,239.27685546875
2018-07-13,179.6457061767578,19.14520835876465,45.35823440551758,239.48199462890625
2018-07-16,179.81747436523438,19.192752838134766,45.37696075439453,239.33277893066406
2018-07-17,181.82470703125,18.923320770263672,45.788978576660156,240.358642578125
2018-07-18,181.70713806152344,18.764841079711914,45.54550552368164,240.79698181152344
2018-07-19,183.20806884765625,18.447864532470703,45.35823059082031,239.88299560546875
2018-07-20,183.04530334472656,18.58257484436035,45.433135986328125,239.6592254638672
2018-07-23,182.84637451171875,18.62220001220703,45.57359313964844,240.11618041992188
2018-07-24,182.6294403076172,18.764841079711914,45.57359313964844,241.24461364746094
2018-07-25,181.73431396484375,18.62220001220703,45.835792541503906,243.45484924316406
2018-07-26,180.2876739501953,18.598424911499023,45.76087188720703,242.7367706298828
2018-07-27,178.24427795410156,18.86785316467285,45.53614807128906,241.16067504882812
2018-07-30,178.370849609375,19.723682403564453,44.69340133666992,239.7711181640625
2018-07-31,178.58786010742188,19.454256057739258,44.64659118652344,240.98348999023438
2018-08-01,177.48477172851562,19.35916519165039,44.337581634521484,240.68507385253906
2018-08-02,176.9061279296875,19.018417358398438,44.852596282958984,241.90672302246094
2018-08-03,176.88809204101562,19.29576873779297,45.38632583618164,243.09121704101562
2018-08-06,176.9332733154297,19.287845611572266,45.57359313964844,244.00511169433594
2018-08-07,178.1628875732422,19.335391998291016,45.39569091796875,244.68589782714844
2018-08-08,179.03993225097656,19.31161880493164,45.3114128112793,244.55532836914062
2018-08-09,179.0941925048828,19.20067596435547,45.45187759399414,244.24755859375
2018-08-10,177.48477172851562,18.780689239501953,45.245880126953125,242.5875701904297
2018-08-13,175.53184509277344,18.598424911499023,44.95559310913086,241.67361450195312
2018-08-14,174.5915069580078,18.360694885253906,45.16159439086914,243.23104858398438
2018-08-15,175.39620971679688,18.012025833129883,44.796409606933594,241.44049072265625
2018-08-16,176.66201782226562,18.107114791870117,45.03986740112305,243.39889526367188
2018-08-17,176.8157501220703,18.05164909362793,45.283329010009766,244.21029663085938
2018-08-20,178.9585418701172,18.186363220214844,45.33950424194336,244.7511749267578
2018-08-21,181.03810119628906,18.360694885253906,45.330135345458984,245.2827911376953
2018-08-22,179.8988800048828,18.33692169189453,45.695335388183594,245.20814514160156
2018-08-23,180.9748077392578,18.099191665649414,45.84514617919922,244.853759765625
2018-08-24,182.00558471679688,18.091270446777344,46.12606430053711,246.39254760742188
2018-08-27,182.62037658691406,18.305227279663086,46.19161605834961,248.24850463867188
2018-08-28,182.61131286621094,18.130891799926758,45.54550552368164,248.38829040527344
2018-08-29,183.2838134765625,18.210134506225586,45.77961349487305,249.74990844726562
2018-08-30,181.08456420898438,17.338457107543945,45.30204772949219,248.7333984375
2018-08-31,182.45687866210938,17.12449836730957,45.48932647705078,248.7427215576172
2018-09-04,186.37368774414062,16.83922004699707,45.48932647705078,248.3976593017578
2018-09-05,185.52854919433594,16.878843307495117,44.98368453979492,247.69815063476562
2018-09-06,187.1098175048828,17.029407501220703,44.6746711730957,246.97076416015625
2018-09-07,187.4187774658203,16.997713088989258,44.768314361572266,246.37388610839844
2018-09-10,191.4720001220703,17.15619468688965,45.75150680541992,246.84024047851562
2018-09-11,194.34371948242188,17.275062561035156,45.80769348144531,247.77281188964844
2018-09-12,192.64431762695312,17.386005401611328,46.20098114013672,247.80078125
2018-09-13,190.34506225585938,17.647506713867188,45.84514617919922,249.20899963378906
2018-09-14,189.999755859375,17.61581039428711,46.11670684814453,249.33958435058594
2018-09-17,189.390869140625,17.71882438659668,46.05116271972656,247.9313507080078
2018-09-18,191.77188110351562,17.869386672973633,45.91069793701172,249.28363037109375
2018-09-19,192.37167358398438,17.861465454101562,46.28525161743164,249.56336975097656
2018-09-20,191.8082275390625,17.92485809326172,47.22162628173828,251.56846618652344
2018-09-21,193.0169219970703,18.075420379638672,47.848995208740234,251.3913116455078
2018-09-24,189.01824951171875,17.948631286621094,47.9801025390625,250.5519561767578
2018-09-25,188.53659057617188,17.861465454101562,48.4295654296875,250.2441864013672
2018-09-26,188.5911102294922,17.5920352935791,48.34528350830078,249.5106658935547
2018-09-27,187.97314453125,17.631656646728516,48.40146255493164,250.20388793945312
2018-09-28,188.25489807128906,17.195819854736328,48.27973556518555,250.17581176757812
2018-10-01,188.66383361816406,16.981863021850586,48.504478454589844,251.1031951904297
2018-10-02,186.0738067626953,16.72828483581543,47.03435134887695,251.0751190185547
2018-10-03,185.15594482421875,16.847148895263672,46.58489227294922,251.2906036376953
2018-10-04,180.7119598388672,16.799604415893555,46.32270812988281,249.22964477539062
2018-10-05,178.4672393798828,16.70450782775879,46.2103385925293,247.82437133789062
2018-10-08,180.3120880126953,16.13395881652832,46.21969985961914,247.75881958007812
2018-10-09,177.8946990966797,15.721891403198242,45.76087188720703,247.44029235839844
2018-10-10,176.0316925048828,15.912076950073242,44.384395599365234,239.44927978515625
2018-10-11,172.4329376220703,15.809060096740723,43.80384063720703,234.4092254638672
2018-10-12,174.91387939453125,15.8407564163208,44.36566925048828,237.57568359375
2018-10-15,173.7324981689453,16.13395881652832,44.29985427856445,236.27349853515625
2018-10-16,175.92269897460938,16.12603187561035,45.34342956542969,241.30419921875
2018-10-17,168.27978515625,15.999241828918457,44.995582580566406,241.3885040283203
2018-10-18,163.98121643066406,15.777360916137695,44.5443000793457,237.99722290039062
2018-10-19,163.44508361816406,16.00716781616211,44.741729736328125,237.80987548828125
2018-10-22,162.44534301757812,15.523786544799805,45.0707893371582,236.82623291015625
2018-10-23,162.2454376220703,15.341526985168457,45.11779022216797,235.40223693847656
2018-10-24,160.82774353027344,14.969078063964844,43.96140670776367,228.37619018554688
2018-10-25,162.7362060546875,14.9849271774292,45.0895881652832,232.47006225585938
2018-10-26,156.5200958251953,14.755123138427734,44.487892150878906,228.357421875
2018-10-29,157.401611328125,14.889836311340332,44.205841064453125,227.17706298828125
2018-10-30,160.16432189941406,14.945306777954102,45.6630744934082,230.65261840820312
2018-10-31,159.83717346191406,15.000778198242188,45.91691970825195,233.069580078125
2018-11-01,163.99940490722656,15.690192222595215,45.681880950927734,235.486572265625
2018-11-02,163.51773071289062,15.412840843200684,45.90752410888672,234.02513122558594
2018-11-05,165.5716094970703,15.618875503540039,46.086151123046875,235.35543823242188
2018-11-06,165.4080047607422,15.159262657165527,46.30238342285156,236.844970703125
2018-11-07,170.15187072753906,15.460390090942383,47.25193405151367,241.84756469726562
2018-11-08,170.85166931152344,15.127564430236816,47.4117546081543,241.4353485107422
2018-11-09,169.0250244140625,14.889836311340332,47.58098602294922,239.20570373535156
2018-11-12,163.06333923339844,14.731348037719727,46.2741813659668,234.58721923828125
2018-11-13,162.672607421875,15.912076950073242,46.54682159423828,234.1938018798828
2018-11-14,163.490478515625,16.141881942749023,45.91691970825195,232.59182739257812
2018-11-15,161.1821746826172,15.7456636428833,47.59979248046875,234.9994354248047
2018-11-16,160.8731689453125,15.531706809997559,48.10746383666992,235.59901428222656
2018-11-19,157.7560577392578,15.713967323303223,46.58442687988281,231.6925048828125
2018-11-20,153.6301727294922,15.460390090942383,45.43743896484375,227.4299774169922
2018-11-21,153.8573760986328,15.91282844543457,45.7100830078125,228.18881225585938
2018-11-23,153.4484100341797,16.075868606567383,45.78529739379883,226.71800231933594
2018-11-26,154.32992553710938,17.045963287353516,45.37163162231445,230.2685546875
2018-11-27,157.4197998046875,17.314979553222656,44.600711822509766,230.9898681640625
2018-11-28,162.2103271484375,17.681827545166016,45.30582046508789,236.38592529296875
2018-11-29,160.5921630859375,17.37204360961914,45.03318405151367,235.8988037109375
2018-11-30,164.8524169921875,17.518783569335938,45.84171676635742,237.4632568359375
2018-12-03,166.15061950683594,17.331287384033203,46.847660064697266,240.3954620361328
2018-12-04,160.26303100585938,16.89107322692871,45.832305908203125,232.93846130371094
2018-12-06,160.8664093017578,16.915529251098633,43.88619613647461,232.3482666015625
2018-12-07,157.9683380126953,16.695425033569336,43.246891021728516,226.9521942138672
2018-12-10,156.96267700195312,16.418251037597656,43.876792907714844,227.22389221191406
2018-12-11,157.43807983398438,16.393800735473633,43.679359436035156,227.28945922851562
2018-12-12,159.26654052734375,16.662818908691406,44.487892150878906,228.5447998046875
2018-12-13,158.9556427001953,16.37749671936035,44.40328598022461,228.46983337402344
2018-12-14,157.51121520996094,16.40195083618164,43.81098175048828,224.25421142578125
2018-12-17,153.56179809570312,16.312280654907227,42.9930534362793,219.67568969726562
2018-12-18,155.4542236328125,16.17369270324707,43.105873107910156,219.59091186523438
2018-12-19,153.1869659423828,16.141084671020508,43.66996383666992,216.0871124267578
2018-12-20,150.07861328125,16.304126739501953,43.4725227355957,212.5362091064453
2018-12-21,146.7142791748047,15.77424430847168,41.36659240722656,208.3071746826172
2018-12-24,144.57498168945312,15.627504348754883,40.13499450683594,202.57107543945312
2018-12-26,153.84521484375,15.9454345703125,41.92127990722656,212.8187713623047
2018-12-27,155.71022033691406,15.733484268188477,42.27853775024414,214.79672241210938
2018-12-28,155.61874389648438,15.904675483703613,42.137516021728516,214.52357482910156
2018-12-31,157.08152770996094,15.717179298400879,42.4477653503418,216.4544677734375
2019-01-02,157.6209259033203,16.075868606567383,42.51357650756836,216.62400817871094
2019-01-03,154.1468963623047,16.010652542114258,42.099910736083984,211.4530487060547
2019-01-04,158.72714233398438,16.328582763671875,43.914398193359375,218.4324188232422
2019-01-07,161.85377502441406,16.450864791870117,44.61011505126953,220.07127380371094
2019-01-08,162.63087463378906,16.075868606567383,45.014373779296875,222.20936584472656
2019-01-09,164.31300354003906,15.904675483703613,44.920352935791016,223.2360076904297
2019-01-10,163.7004852294922,15.961739540100098,44.957969665527344,224.16847229003906
2019-01-11,164.0204620361328,16.0595645904541,45.39983367919922,224.0648956298828
2019-01-14,163.47193908691406,15.717179298400879,45.29641342163086,222.83103942871094
2019-01-15,161.33270263671875,15.521529197692871,45.66453170776367,225.44003295898438
2019-01-16,161.85377502441406,15.578594207763672,45.362491607666016,225.93923950195312
2019-01-17,159.8699188232422,15.64380931854248,45.853309631347656,227.6251983642578
2019-01-18,164.1759033203125,15.733484268188477,46.504581451416016,230.68630981445312
2019-01-22,161.91778564453125,15.63565731048584,46.19309616088867,227.61578369140625
2019-01-23,161.71664428710938,15.904675483703613,46.476261138916016,227.95489501953125
2019-01-24,162.08230590820312,15.130230903625488,46.438507080078125,228.180908203125
2019-01-25,164.92555236816406,14.64925765991211,47.004825592041016,230.12120056152344
2019-01-28,164.40444946289062,14.559586524963379,46.74054718017578,228.34104919433594
2019-01-29,164.27645874023438,14.478065490722656,46.82549285888672,228.05848693847656
2019-01-30,166.55284118652344,14.64925765991211,47.53340148925781,231.6658935546875
2019-01-31,167.7870635986328,14.869362831115723,47.41069412231445,233.5967559814453
2019-02-01,168.5550079345703,14.844905853271484,47.958133697509766,233.7945556640625
2019-02-04,170.43832397460938,14.714472770690918,48.165794372558594,235.46170043945312
2019-02-05,170.4017791748047,14.87751579284668,48.364009857177734,236.5071563720703
2019-02-06,168.87501525878906,14.991645812988281,48.38288879394531,236.21519470214844
2019-02-07,168.28076171875,14.714472770690918,47.40126037597656,233.8981475830078
2019-02-08,168.71044921875,14.706323623657227,48.165794372558594,234.19955444335938
2019-02-11,167.22938537597656,14.771538734436035,48.35456466674805,234.322021484375
2019-02-12,169.6063690185547,14.64925765991211,48.345123291015625,237.35484313964844
2019-02-13,172.24847412109375,14.61664867401123,48.533905029296875,238.07066345214844
2019-02-14,171.60850524902344,14.624801635742188,48.59053421020508,237.54322814941406
2019-02-15,175.88705444335938,14.885668754577637,48.81706619262695,240.16168212890625
2019-02-19,175.83221435546875,15.032404899597168,49.1002311706543,240.5761260986328
2019-02-20,175.39341735839844,15.089468955993652,48.864253997802734,241.1318359375
2019-02-21,175.365966796875,14.901970863342285,49.185176849365234,240.25584411621094
2019-02-22,175.88705444335938,15.040556907653809,49.53440856933594,241.6969451904297
2019-02-25,173.68380737304688,14.836753845214844,49.60991287231445,242.05484008789062
2019-02-26,172.14791870117188,14.665562629699707,49.64767074584961,241.8759002685547
2019-02-27,167.91505432128906,14.53512954711914,49.440025329589844,241.75347900390625
2019-02-28,169.2589569091797,14.551432609558105,49.20405578613281,241.1883544921875
2019-03-01,169.28640747070312,14.347633361816406,49.562721252441406,242.8460235595703
2019-03-04,168.04306030273438,13.915572166442871,49.11910629272461,241.91358947753906
2019-03-05,168.2167510986328,14.274263381958008,49.421142578125,241.63101196289062
2019-03-06,168.62814331054688,14.380236625671387,49.41169738769531,240.08631896972656
2019-03-07,166.8545684814453,14.420999526977539,49.62879943847656,238.15545654296875
2019-03-08,165.684326171875,14.53512954711914,49.80813217163086,237.67510986328125
2019-03-11,166.7905731201172,14.828603744506836,49.70429611206055,241.14122009277344
2019-03-12,168.2167510986328,14.804147720336914,49.836448669433594,241.99832153320312
2019-03-13,166.83522033691406,15.01609992980957,50.08185958862305,243.64663696289062
2019-03-14,167.26809692382812,15.154684066772461,50.07241439819336,243.56187438964844
2019-03-15,167.83912658691406,15.521529197692871,49.96858596801758,244.74864196777344
2019-03-18,168.9351806640625,15.562286376953125,50.45940399169922,245.6245574951172
2019-03-19,169.58909606933594,15.676417350769043,51.0068473815918,245.699951171875
2019-03-20,171.4035186767578,15.709028244018555,49.685428619384766,244.823974609375
2019-03-21,174.96791076660156,15.578594207763672,51.0068473815918,247.62295532226562
2019-03-22,173.84422302246094,15.440007209777832,49.80813217163086,242.91539001464844
2019-03-25,174.70082092285156,15.154684066772461,49.77981185913086,242.69760131835938
2019-03-26,174.38768005371094,15.391095161437988,50.28950881958008,244.44985961914062
2019-03-27,174.3047637939453,15.154684066772461,49.845882415771484,243.31326293945312
2019-03-28,175.05078125,14.779688835144043,50.204551696777344,244.2604522705078
2019-03-29,176.73626708984375,14.820451736450195,50.695369720458984,245.83277893066406
2019-04-01,180.19015502929688,15.162837982177734,51.51654052734375,248.66481018066406
2019-04-02,178.9652099609375,15.130230903625488,51.11067581176758,248.75010681152344
2019-04-03,182.92559814453125,15.391095161437988,51.02572250366211,249.21420288085938
2019-04-04,184.6202850341797,15.38294506072998,50.7991943359375,249.81092834472656
2019-04-05,186.1031494140625,14.95903491973877,50.90302276611328,251.01388549804688
2019-04-08,187.4755096435547,14.95903491973877,50.70480728149414,251.23175048828125
2019-04-09,185.0347442626953,14.910122871398926,50.80863952636719,249.8961944580078
2019-04-10,183.6808319091797,14.87751579284668,51.168914794921875,250.75811767578125
2019-04-11,185.5689697265625,14.738930702209473,50.998252868652344,250.7108154296875
2019-04-12,187.75180053710938,14.950886726379395,51.67140579223633,252.40623474121094
2019-04-15,188.6820526123047,15.170990943908691,51.79466247558594,252.2357177734375
2019-04-16,188.32281494140625,15.154684066772461,51.75673294067383,252.4156951904297
2019-04-17,190.23855590820312,15.252510070800781,51.652442932128906,251.800048828125
2019-04-18,189.4188232421875,15.097622871398926,51.690364837646484,252.27366638183594
2019-04-22,188.6083526611328,15.00794792175293,51.78518295288086,252.51988220214844
2019-04-23,189.7780303955078,14.92642879486084,52.08856201171875,254.698486328125
2019-04-24,190.3951416015625,14.64925765991211,52.31611251831055,254.19639587402344
2019-04-25,190.19252014160156,14.641104698181152,52.154937744140625,254.1016387939453
2019-04-26,187.53074645996094,14.975339889526367,52.5341682434082,255.26666259765625
2019-04-29,186.19525146484375,15.097622871398926,52.22130584716797,255.5888214111328
2019-04-30,187.61367797851562,15.097622871398926,52.45832824707031,255.74984741210938
2019-05-01,183.1005859375,15.032404899597168,52.03168487548828,253.88380432128906
2019-05-02,185.1360626220703,14.999797821044922,51.76621627807617,253.38185119628906
2019-05-03,184.72158813476562,15.048707962036133,51.94635009765625,255.7876739501953
2019-05-06,183.8650665283203,14.942732810974121,52.003238677978516,254.77420043945312
2019-05-07,179.3888397216797,14.885668754577637,51.19735336303711,250.64443969726562
2019-05-08,179.7572784423828,14.804147720336914,51.187870025634766,250.15191650390625
2019-05-09,179.21385192871094,14.763386726379395,51.43437576293945,249.3846893310547
2019-05-10,179.21385192871094,14.942732810974121,51.81362533569336,250.54971313476562
2019-05-13,175.3086700439453,13.67101001739502,50.65694046020508,244.4025115966797
2019-05-14,176.4876251220703,13.32047176361084,51.32060241699219,246.52420043945312
2019-05-15,176.61654663085938,13.092212677001953,51.72828674316406,247.98289489746094
2019-05-16,177.1875762939453,12.937324523925781,51.804134368896484,250.25611877441406
2019-05-17,177.371826171875,12.831348419189453,51.67140579223633,248.74058532714844
2019-05-20,175.87051391601562,13.059605598449707,50.875003814697266,247.045166015625
2019-05-21,176.33103942871094,13.018844604492188,51.3585319519043,249.13844299316406
2019-05-22,173.99159240722656,12.921019554138184,51.38697814941406,248.45643615722656
2019-05-23,176.83758544921875,12.684610366821289,50.325111389160156,245.54859924316406
2019-05-24,178.30201721191406,13.035147666931152,50.031192779541016,245.97483825683594
2019-05-28,176.4231414794922,13.002541542053223,49.06413650512695,243.76788330078125
2019-05-29,174.98631286621094,13.27971076965332,49.00724411010742,242.09133911132812
2019-05-30,175.990234375,13.353078842163086,49.03569030761719,242.76388549804688
2019-05-31,174.85739135742188,13.214491844177246,47.97381591796875,239.51502990722656
2019-06-03,174.59950256347656,13.336775779724121,47.63249969482422,238.80462646484375
2019-06-04,179.8309326171875,13.768835067749023,49.32012176513672,244.0615234375
2019-06-05,182.4279327392578,13.67916202545166,49.39596176147461,246.12637329101562
2019-06-06,182.8731231689453,13.565141677856445,49.86053466796875,247.7271270751953
2019-06-07,182.99368286132812,13.783123016357422,50.49576187133789,250.1992645263672
2019-06-10,183.6892852783203,13.76635456085205,51.20683670043945,251.37380981445312
2019-06-11,183.65219116210938,13.808272361755371,51.140472412109375,251.3264617919922
2019-06-12,184.51478576660156,13.657363891601562,50.83707809448242,250.85284423828125
2019-06-13,187.67750549316406,13.640596389770508,51.045658111572266,251.9705047607422
2019-06-14,190.84951782226562,13.414231300354004,50.51472473144531,251.59165954589844
2019-06-17,191.97178649902344,13.347159385681152,50.37251281738281,251.8189239501953
2019-06-18,192.43551635742188,13.53998851776123,50.154441833496094,254.32901000976562
2019-06-19,192.8621826171875,13.49807071685791,49.945858001708984,255.00148010253906
2019-06-20,195.93214416503906,13.674132347106934,54.03217697143555,257.3789367675781
2019-06-21,194.20701599121094,13.531604766845703,53.20732116699219,257.07586669921875
2019-06-24,190.59909057617188,13.414231300354004,53.795143127441406,256.7443542480469
2019-06-25,189.8942108154297,13.154328346252441,53.15992736816406,254.20590209960938
2019-06-26,191.452392578125,13.372312545776367,53.71929931640625,253.95957946777344
2019-06-27,192.00889587402344,13.632211685180664,53.82359313964844,254.8509063720703
2019-06-28,192.88998413085938,13.690899848937988,54.01321029663086,256.2598876953125
2019-07-01,195.03250122070312,13.523221015930176,54.99923324584961,258.44024658203125
2019-07-02,194.9026336669922,13.590291976928711,55.42587661743164,259.19244384765625
2019-07-03,196.72055053710938,13.833426475524902,55.80512237548828,261.1823425292969
2019-07-05,196.126953125,14.11009407043457,56.20331573486328,260.84906005859375
2019-07-08,197.47181701660156,13.959183692932129,56.44034194946289,259.544677734375
2019-07-09,196.62779235839844,13.875343322753906,56.506710052490234,259.8684387207031
2019-07-10,195.46841430664062,13.84181022644043,57.02816390991211,261.0775146484375
2019-07-11,198.5198516845703,13.917264938354492,56.87646484375,261.60125732421875
2019-07-12,202.4060516357422,13.825040817260742,56.705814361572266,262.8865966796875
2019-07-15,202.84194946289062,13.674132347106934,56.44034194946289,262.9532165527344
2019-07-16,201.50634765625,13.204633712768555,55.793033599853516,262.0962829589844
2019-07-17,199.97601318359375,13.145947456359863,55.20283508300781,260.3254699707031
2019-07-18,198.89085388183594,13.347159385681152,55.32658004760742,261.2774963378906
2019-07-19,197.59237670898438,13.506454467773438,54.77445983886719,259.8778381347656
2019-07-22,195.95071411132812,13.363926887512207,54.831573486328125,260.50628662109375
2019-07-23,197.62945556640625,13.5819091796875,54.68878173828125,262.29620361328125
2019-07-24,199.14129638671875,13.749587059020996,55.31706619262695,263.50543212890625
2019-07-25,199.9203643798828,13.732817649841309,55.488407135009766,262.22015380859375
2019-07-26,201.18173217773438,15.300606727600098,55.68831253051758,264.0958251953125
2019-07-29,202.22979736328125,15.468286514282227,55.26945877075195,263.6197204589844
2019-07-30,201.59912109375,15.417983055114746,54.726863861083984,262.9818115234375
2019-07-31,198.19525146484375,15.191617965698242,53.59405517578125,260.001708984375
2019-08-01,197.39759826660156,15.342525482177734,53.194236755371094,257.8214111328125
2019-08-02,196.76690673828125,15.359294891357422,53.156158447265625,255.93618774414062
2019-08-05,190.07972717285156,14.998786926269531,51.17613220214844,248.38600158691406
2019-08-06,193.65980529785156,14.973637580871582,51.36651611328125,251.5850830078125
2019-08-07,192.8343505859375,15.074240684509277,50.77632141113281,251.75645446777344
2019-08-08,196.2289581298828,15.258688926696777,52.02336120605469,256.6693420410156
2019-08-09,194.79135131835938,15.099395751953125,51.30939865112305,254.87940979003906
2019-08-12,191.9995880126953,14.965252876281738,50.690643310546875,251.8897247314453
2019-08-13,193.22389221191406,15.191617965698242,51.37604522705078,255.79342651367188
2019-08-14,186.97259521484375,15.007168769836426,49.80533981323242,248.0908203125
2019-08-15,187.15811157226562,14.998786926269531,50.0623664855957,248.87158203125
2019-08-16,188.8832244873047,15.37606430053711,51.01430130004883,252.5181121826172
2019-08-19,192.87142944335938,15.300606727600098,51.28084945678711,255.62203979492188
2019-08-20,201.34869384765625,15.032322883605957,50.43362045288086,253.64161682128906
2019-08-21,204.41871643066406,15.267069816589355,50.68112564086914,255.69813537597656
2019-08-22,204.99374389648438,15.38444709777832,50.633522033691406,255.60296630859375
2019-08-23,201.70115661621094,15.33414077758789,49.100914001464844,249.0429229736328
2019-08-26,202.7955780029297,15.417983055114746,49.624473571777344,251.80406188964844
2019-08-27,202.38751220703125,15.476668357849121,49.871978759765625,250.8138427734375
2019-08-28,205.8563232421875,15.661114692687988,49.453128814697266,252.55621337890625
2019-08-29,210.83694458007812,15.86232852935791,49.65303421020508,255.84095764160156
2019-08-30,211.38417053222656,15.77849006652832,49.55784225463867,255.73622131347656
2019-09-03,207.8225860595703,15.929398536682129,49.396018981933594,254.31759643554688
2019-09-04,209.16632080078125,16.021623611450195,50.42409896850586,257.04058837890625
2019-09-05,212.89891052246094,15.795255661010742,51.252288818359375,260.43963623046875
2019-09-06,215.6797637939453,16.055158615112305,50.60497283935547,260.6300354003906
2019-09-09,217.30340576171875,16.12222671508789,51.91864776611328,260.69671630859375
2019-09-10,217.42471313476562,16.28152084350586,52.80394744873047,260.7538757324219
2019-09-11,217.1074676513672,16.53304100036621,53.584529876708984,262.6294860839844
2019-09-12,218.17124938964844,16.62526512145996,51.29988098144531,263.4007873535156
2019-09-13,218.3392333984375,16.751020431518555,51.16661834716797,263.3340759277344
2019-09-16,215.54910278320312,16.524654388427734,50.58592224121094,262.4676513671875
2019-09-17,214.82122802734375,16.49950408935547,50.32891082763672,263.18182373046875
2019-09-18,215.39981079101562,16.323442459106445,50.03380584716797,263.3435974121094
2019-09-19,212.87095642089844,16.7342529296875,50.80487823486328,263.28643798828125
2019-09-20,209.6515655517578,16.64202880859375,50.900062561035156,261.8773193359375
2019-09-23,211.1259307861328,16.60849380493164,51.42363739013672,262.05828857421875
2019-09-24,210.3420867919922,16.61687660217285,50.785831451416016,259.8874206542969
2019-09-25,212.85227966308594,16.633647918701172,51.252288818359375,261.4774475097656
2019-09-26,214.42929077148438,16.809707641601562,51.36651611328125,260.9618225097656
2019-09-27,214.49464416503906,16.62526512145996,51.490272521972656,259.4981384277344
2019-09-30,216.51022338867188,16.69233512878418,52.38508987426758,260.78009033203125
2019-10-01,215.63304138183594,16.264753341674805,51.21421432495117,257.6423034667969
2019-10-02,210.47276306152344,15.996468544006348,50.595455169677734,253.09828186035156
2019-10-03,211.64849853515625,16.155765533447266,51.271324157714844,255.1072540283203
2019-10-04,212.6936492919922,16.331825256347656,52.489803314208984,258.64678955078125
2019-10-07,211.5832061767578,16.56657600402832,52.1661491394043,257.53704833984375
2019-10-08,211.5178680419922,16.449201583862305,51.45219421386719,253.538330078125
2019-10-09,213.63612365722656,16.44081687927246,52.14064407348633,255.90121459960938
2019-10-10,216.1276397705078,16.843242645263672,53.05858612060547,257.6423034667969
2019-10-11,218.97377014160156,16.952232360839844,54.39723587036133,260.3304443359375
2019-10-14,218.5258331298828,16.918699264526367,53.9860725402832,260.0912780761719
2019-10-15,219.86956787109375,17.220518112182617,53.88089370727539,262.60723876953125
2019-10-16,220.13084411621094,17.254053115844727,53.431488037109375,262.19586181640625
2019-10-17,220.94273376464844,17.321125030517578,52.64742660522461,262.9038391113281
2019-10-18,222.02516174316406,17.279205322265625,52.15977096557617,261.82281494140625
2019-10-21,220.8773956298828,17.22890281677246,52.71435546875,263.6499938964844
2019-10-22,221.34396362304688,17.37981414794922,51.73904800415039,262.7220153808594
2019-10-23,218.9831085205078,17.572643280029297,51.75817108154297,263.4969482421875
2019-10-24,218.2552490234375,17.312742233276367,51.88247299194336,263.9273986816406
2019-10-25,218.7124786376953,17.18698501586914,51.79642105102539,265.0274963378906
2019-10-28,220.970703125,17.245670318603516,52.24582290649414,266.5677185058594
2019-10-29,218.48851013183594,17.044456481933594,52.3988151550293,266.3955993652344
2019-10-30,220.44815063476562,17.010921478271484,52.44662094116211,267.3330383300781
2019-10-31,218.8991241455078,17.11991310119629,52.102394104003906,266.4720153808594
2019-11-01,221.474609375,17.161832809448242,52.59004592895508,269.0072021484375
2019-11-04,219.2163848876953,17.220518112182617,53.02033615112305,270.0785827636719
2019-11-05,216.67822265625,17.48042106628418,53.230690002441406,269.73419189453125
2019-11-06,218.36720275878906,17.48042106628418,53.25938034057617,269.877685546875
2019-11-07,217.36874389648438,17.53072166442871,53.52710723876953,270.8343200683594
2019-11-08,217.2754364013672,17.337894439697266,54.01476287841797,271.4944763183594
2019-11-11,216.30491638183594,17.220518112182617,53.957393646240234,270.96826171875
2019-11-12,217.53668212890625,17.81577491760254,54.110382080078125,271.50396728515625
2019-11-13,219.10440063476562,17.698402404785156,53.747032165527344,271.6188049316406
2019-11-14,220.7374267578125,17.19536590576172,53.632286071777344,271.9823303222656
2019-11-15,221.42796325683594,16.64202880859375,53.94782638549805,274.0103454589844
2019-11-18,222.88369750976562,16.491121292114258,53.727909088134766,274.1825866699219
2019-11-19,210.7620086669922,16.62526512145996,53.80440139770508,274.04864501953125
2019-11-20,206.13357543945312,16.415664672851562,53.77572250366211,273.0824890136719
2019-11-21,203.9313201904297,16.44081687927246,53.76616287231445,272.6615295410156
2019-11-22,203.45542907714844,16.78455924987793,53.91913986206055,273.26422119140625
2019-11-25,203.8007049560547,16.96061897277832,54.08169937133789,275.3401794433594
2019-11-26,206.00291442871094,16.969003677368164,54.03388595581055,275.8949890136719
2019-11-27,208.09320068359375,17.293033599853516,54.12950897216797,277.1960144042969
2019-11-29,205.7696533203125,17.035181045532227,53.68009948730469,276.1341857910156
2019-12-02,203.0728302001953,16.485107421875,53.00120544433594,273.885986328125
2019-12-03,199.69482421875,16.33039665222168,52.1980094909668,271.96319580078125
2019-12-04,201.06591796875,16.399154663085938,52.025901794433594,273.7042541503906
2019-12-05,200.0329132080078,16.28742218017578,52.28407287597656,274.2113037109375
2019-12-06,201.23495483398438,16.270233154296875,52.42750549316406,276.6507263183594
2019-12-09,203.34800720214844,16.218664169311523,52.8864631652832,275.80889892578125
2019-12-10,202.75634765625,16.149904251098633,53.37411880493164,275.550537109375
2019-12-11,199.09381103515625,16.244447708129883,53.842647552490234,276.26806640625
2019-12-12,199.13134765625,16.278827667236328,53.99563980102539,278.6979064941406
2019-12-13,201.0471649169922,16.785930633544922,52.121517181396484,278.8031921386719
2019-12-16,202.4088897705078,16.92344856262207,51.62430191040039,280.77386474609375
2019-12-17,204.46556091308594,16.77733612060547,50.52470016479492,280.8312683105469
2019-12-18,204.72850036621094,16.85468864440918,51.05060577392578,280.85040283203125
2019-12-19,206.8133544921875,16.803117752075195,50.907169342041016,282.01751708984375
2019-12-20,207.72433471679688,16.794527053833008,51.25139236450195,283.452392578125
2019-12-23,205.86483764648438,16.63981819152832,51.35657501220703,283.7302551269531
2019-12-24,207.2359619140625,16.631221771240234,51.09840774536133,283.7302551269531
2019-12-26,207.3768310546875,16.682790756225586,51.22270584106445,285.1817932128906
2019-12-27,206.5785675048828,16.863285064697266,51.11752700805664,285.1817932128906
2019-12-30,204.08053588867188,16.62262535095215,50.390830993652344,283.6148986816406
2019-12-31,205.08538818359375,16.614030838012695,50.6585578918457,284.345458984375
2020-01-02,206.28744506835938,16.699981689453125,51.58606719970703,286.864013671875
2020-01-03,205.60191345214844,16.579652786254883,51.40438461303711,284.7684326171875
2020-01-06,206.56919860839844,16.62262535095215,51.67211151123047,285.83544921875
2020-01-07,205.2168731689453,16.51089096069336,51.786865234375,285.0471496582031
2020-01-08,208.2877960205078,16.588247299194336,51.98854446411133,286.51788330078125
2020-01-09,211.48080444335938,17.08675193786621,52.228668212890625,288.4981994628906
2020-01-10,210.56985473632812,16.92344856262207,52.2958984375,287.6714782714844
2020-01-13,209.74342346191406,16.932044982910156,52.42074966430664,289.5748291015625
2020-01-14,209.24569702148438,17.507904052734375,52.7088737487793,289.1902770996094
2020-01-15,210.91734313964844,17.55947494506836,52.593624114990234,289.8343200683594
2020-01-16,214.88980102539062,17.447738647460938,53.23712158203125,292.2567443847656
2020-01-17,217.7917022705078,17.26724624633789,52.9489860534668,293.24688720703125
2020-01-21,218.7683868408203,17.327411651611328,53.03542709350586,292.6412353515625
2020-01-22,218.721435546875,17.138324737548828,52.555206298828125,292.7181701660156
2020-01-23,219.42575073242188,17.439146041870117,52.8049201965332,293.00653076171875
2020-01-24,217.87623596191406,17.533689498901367,51.93092727661133,290.3341979980469
2020-01-27,217.11550903320312,17.250057220458984,50.60551834106445,285.7200927734375
2020-01-28,219.62298583984375,17.47352409362793,51.34505844116211,288.8154296875
2020-01-29,219.77325439453125,17.318815231323242,51.095340728759766,288.5270080566406
2020-01-30,218.6181182861328,16.983613967895508,51.200992584228516,289.43060302734375
2020-01-31,214.21363830566406,16.85468864440918,50.3750114440918,284.23974609375
2020-02-03,217.4442138671875,16.828903198242188,50.98969268798828,286.3064270019531
2020-02-04,220.69357299804688,16.880474090576172,51.9021110534668,290.71875
2020-02-05,223.61424255371094,16.278827667236328,52.57441329956055,294.0062561035156
2020-02-06,224.2998046875,16.81171226501465,52.54560089111328,295.0060119628906
2020-02-07,222.8535614013672,16.92344856262207,52.555206298828125,293.5064392089844
2020-02-10,225.9620361328125,16.614030838012695,52.81452560424805,295.6116027832031
2020-02-11,226.92933654785156,16.657005310058594,52.96818923950195,296.1499328613281
2020-02-12,226.88238525390625,16.957826614379883,53.52525329589844,298.0532531738281
2020-02-13,227.6055145263672,16.906259536743164,53.12186813354492,297.7649230957031
2020-02-14,230.11297607421875,16.72576332092285,53.27553939819336,298.26470947265625
2020-02-18,229.08932495117188,17.361793518066406,53.25632858276367,297.4476318359375
2020-02-19,228.80758666992188,17.224271774291992,53.24671936035156,298.8800048828125
2020-02-20,231.9818572998047,17.189891815185547,53.31395721435547,297.70721435546875
2020-02-21,230.4040985107422,17.2414608001709,52.51679229736328,294.6214904785156
2020-02-24,225.10745239257812,16.588247299194336,50.56710433959961,284.7684326171875
2020-02-25,222.9287109375,16.175689697265625,48.9439582824707,276.21307373046875
2020-02-26,220.95654296875,16.01238441467285,49.99083709716797,274.9921875
2020-02-27,211.0487823486328,15.462307929992676,48.771080017089844,262.80322265625
2020-02-28,204.57827758789062,15.041155815124512,47.503299713134766,261.2171630859375
2020-03-02,215.9416046142578,14.92082691192627,48.88633346557617,272.87744140625
2020-03-03,214.06338500976562,14.508268356323242,46.917423248291016,265.3506164550781
2020-03-04,226.40342712402344,15.659990310668945,48.54057312011719,276.34765625
2020-03-05,220.51513671875,15.513876914978027,46.10105895996094,267.0905456542969
2020-03-06,214.5986785888672,15.264623641967773,45.4959831237793,262.61102294921875
2020-03-09,197.64756774902344,13.674559593200684,44.18978500366211,242.34732055664062
2020-03-10,211.95974731445312,13.872241973876953,46.658111572265625,254.78477478027344
2020-03-11,201.2672119140625,12.866633415222168,42.95082473754883,242.1522216796875
2020-03-12,180.1846923828125,11.517227172851562,38.225460052490234,218.73184204101562
2020-03-13,194.4413604736328,11.775075912475586,46.03382873535156,239.16796875
2020-03-16,155.95396423339844,9.961543083190918,41.029945373535156,211.0924835205078
2020-03-17,164.1600799560547,11.242189407348633,45.00615692138672,224.91290283203125
2020-03-18,147.13333129882812,10.829631805419922,45.39993667602539,212.618408203125
2020-03-19,152.3330841064453,11.732100486755371,43.28696823120117,212.80189514160156
2020-03-20,143.8433380126953,10.898392677307129,43.84402847290039,203.53033447265625
2020-03-23,153.52427673339844,10.778060913085938,42.4417839050293,197.28167724609375
2020-03-24,174.6351776123047,11.190619468688965,45.947391510009766,216.09523010253906
2020-03-25,171.83676147460938,11.723506927490234,44.1225471496582,218.86705017089844
2020-03-26,184.5524444580078,12.711925506591797,48.482940673828125,232.02108764648438
2020-03-27,180.14686584472656,12.307962417602539,47.85866165161133,224.89356994628906
2020-03-30,185.3938446044922,12.153254508972168,48.367698669433594,232.1659698486328
2020-03-31,176.51654052734375,11.835241317749023,46.418006896972656,228.71812438964844
2020-04-01,168.87765502929688,11.482847213745117,46.782962799072266,218.41311645507812
2020-04-02,171.41134643554688,11.697721481323242,47.82984924316406,223.5221710205078
2020-04-03,168.94384765625,11.637557029724121,47.4456787109375,220.21914672851562
2020-04-06,180.88430786132812,12.299367904663086,49.45299530029297,235.1985626220703
2020-04-07,181.79185485839844,12.136063575744629,48.751861572265625,235.3240966796875
2020-04-08,184.18377685546875,11.904000282287598,50.30552673339844,243.3111572265625
2020-04-09,190.5274200439453,12.222014427185059,51.31877517700195,246.9232177734375
2020-04-13,187.93699645996094,12.179038047790527,51.11613082885742,244.52806091308594
2020-04-14,195.85951232910156,12.170442581176758,52.110076904296875,251.99365234375
2020-04-15,187.64393615722656,11.637557029724121,51.299476623535156,246.50791931152344
2020-04-16,188.9391632080078,11.508633613586426,51.82057571411133,247.75381469726562
2020-04-17,197.9866485595703,11.843835830688477,52.708377838134766,254.5915069580078
2020-04-20,194.80064392089844,11.757885932922363,52.02322006225586,250.00405883789062
2020-04-21,189.65765380859375,11.22499942779541,49.51422119140625,242.3647003173828
2020-04-22,193.02330017089844,11.39689826965332,50.44062423706055,247.69583129882812
2020-04-23,191.27430725097656,11.353923797607422,50.15111541748047,247.6475830078125
2020-04-24,200.59596252441406,11.723506927490234,51.154720306396484,251.2403106689453
2020-04-27,205.871337890625,11.895405769348145,51.50212097167969,254.87167358398438
2020-04-28,205.74844360351562,11.972760200500488,51.338077545166016,253.69338989257812
2020-04-29,209.70022583007812,12.772089958190918,51.99428176879883,260.2317810058594
2020-04-30,207.8283233642578,12.153254508972168,51.11613082885742,257.9621887207031
2020-05-01,206.63714599609375,11.697721481323242,49.97742462158203,250.93124389648438
2020-05-04,209.72857666015625,11.878216743469238,49.938819885253906,251.72323608398438
2020-05-05,213.29275512695312,11.964164733886719,50.22832107543945,254.04110717773438
2020-05-06,211.69503784179688,11.843835830688477,50.04497528076172,252.33164978027344
2020-05-07,216.92311096191406,11.938379287719727,50.75907516479492,255.31590270996094
2020-05-08,221.6312255859375,12.136063575744629,51.69512176513672,259.5846862792969
2020-05-11,223.64498901367188,12.050115585327148,51.656524658203125,259.62335205078125
2020-05-12,220.1847686767578,12.832254409790039,50.44062423706055,254.39837646484375
2020-05-13,217.5376434326172,12.780685424804688,49.84231948852539,249.88819885253906
2020-05-14,221.67849731445312,12.600192070007324,51.05821990966797,252.90142822265625
2020-05-15,226.26368713378906,12.660354614257812,51.06787109375,254.04110717773438
2020-05-18,231.9550323486328,13.502660751342773,51.289825439453125,261.80596923828125
2020-05-19,225.10089111328125,13.287786483764648,50.508174896240234,259.3335876464844
2020-05-20,225.1859893798828,13.41671085357666,51.0485725402832,263.563720703125
2020-05-21,227.7291259765625,13.51984977722168,50.392372131347656,261.6707763671875
2020-05-22,228.6744842529297,13.674559593200684,50.77837371826172,262.2598876953125
2020-05-26,229.2417449951172,13.700343132019043,50.93277359008789,265.6305847167969
2020-05-27,233.85531616210938,13.923812866210938,51.338077545166016,269.5033874511719
2020-05-28,231.75653076171875,14.181661605834961,51.74336624145508,268.97222900390625
2020-05-29,234.91416931152344,14.190256118774414,51.888126373291016,270.17938232421875
2020-06-01,233.7891387939453,14.508268356323242,51.20297622680664,271.357666015625
2020-06-02,238.91323852539062,14.594217300415039,51.4152717590332,273.588623046875
2020-06-03,238.71353149414062,14.731738090515137,51.61792755126953,277.2006530761719
2020-06-04,236.7638702392578,14.834877967834473,51.00032424926758,276.4956970214844
2020-06-05,242.422607421875,15.092723846435547,52.09077835083008,283.5652160644531
2020-06-08,244.2010498046875,15.608424186706543,53.17156982421875,287.00347900390625
2020-06-09,244.19155883789062,15.25602912902832,52.283775329589844,284.9656066894531
2020-06-10,241.99464416503906,14.998181343078613,52.216224670410156,283.1885681152344
2020-06-11,227.74790954589844,13.801898002624512,49.51422119140625,266.8667907714844
2020-06-12,230.58203125,14.111357688903809,50.04497528076172,270.0827941894531
2020-06-15,229.54539489746094,14.093674659729004,51.38632583618164,272.54559326171875
2020-06-16,237.71490478515625,14.4031343460083,52.67942428588867,277.8768005371094
2020-06-17,238.5708465576172,14.270508766174316,49.716880798339844,276.60186767578125
2020-06-18,237.01113891601562,14.01409912109375,51.8109245300293,276.85302734375
2020-06-19,234.5764617919922,13.837265014648438,52.49607467651367,275.2207946777344
2020-06-22,236.96359252929688,14.040624618530273,53.190879821777344,277.0461120605469
2020-06-23,238.05731201171875,14.155567169189453,53.25843048095703,278.30169677734375
2020-06-24,234.0819091796875,13.819581985473633,52.53467559814453,271.1838073730469
2020-06-25,233.36863708496094,14.049467086791992,52.62153244018555,274.05224609375
2020-06-26,229.21250915527344,13.6250638961792,52.283775329589844,267.6297302246094
2020-06-29,234.07240295410156,13.916841506958008,52.84347152709961,271.5352783203125
2020-06-30,238.24749755859375,14.093674659729004,53.335628509521484,275.1563720703125
2020-07-01,236.00302124023438,14.146724700927734,53.54792785644531,277.039794921875
2020-07-02,236.33590698242188,14.199774742126465,53.982177734375,278.437744140625
2020-07-06,237.33450317382812,14.394292831420898,54.61907958984375,282.7578430175781
2020-07-07,235.24221801757812,14.022940635681152,54.33922576904297,279.82598876953125
2020-07-08,236.97311401367188,13.996416091918945,54.676979064941406,281.9035339355469
2020-07-09,235.82232666015625,13.69579792022705,55.516536712646484,280.46673583984375
2020-07-10,237.86709594726562,13.854948997497559,55.38143539428711,283.28204345703125
2020-07-13,237.4010772705078,13.669273376464844,55.01472473144531,280.7191467285156
2020-07-14,245.17115783691406,14.0759916305542,55.431434631347656,284.4761657714844
2020-07-15,245.18064880371094,14.226300239562988,54.86936950683594,287.00030517578125
2020-07-16,245.4469451904297,14.111357688903809,54.0941047668457,286.1654052734375
2020-07-17,247.63438415527344,14.394292831420898,53.20254898071289,286.922607421875
2020-07-20,247.43467712402344,14.420818328857422,53.687095642089844,289.310791015625
2020-07-21,249.57449340820312,14.641860008239746,54.18131637573242,289.9126892089844
2020-07-22,252.18992614746094,14.668386459350586,54.278228759765625,291.5630798339844
2020-07-23,250.8964385986328,14.447343826293945,54.03595733642578,288.077880859375
2020-07-24,252.3230438232422,13.801898002624512,53.92936325073242,286.2139587402344
2020-07-27,254.3297882080078,13.81074047088623,53.62894821166992,288.3011474609375
2020-07-28,252.29449462890625,13.996416091918945,53.638641357421875,286.514892578125
2020-07-29,251.70486450195312,14.235143661499023,53.977821350097656,289.9806823730469
2020-07-30,253.27407836914062,13.846107482910156,53.54172897338867,288.9224548339844
2020-07-31,252.49420166015625,13.439388275146484,53.73554229736328,291.33978271484375
2020-08-03,253.15049743652344,13.554329872131348,54.2491569519043,293.17462158203125
2020-08-04,254.75770568847656,13.740006446838379,54.26853561401367,294.4075622558594
2020-08-05,254.38685607910156,13.607380867004395,53.78399658203125,296.24237060546875
2020-08-06,256.184326171875,13.633906364440918,53.570796966552734,298.2325439453125
2020-08-07,258.3431701660156,13.6250638961792,53.52234649658203,298.3878479003906
2020-08-10,261.281982421875,13.70464038848877,53.24130630493164,299.33929443359375
2020-08-11,261.462646484375,13.70464038848877,52.5920295715332,296.9219665527344
2020-08-12,267.796630859375,13.925682067871094,52.495121002197266,300.9896545410156
2020-08-13,267.8727722167969,14.01409912109375,52.34975814819336,300.4751281738281
2020-08-14,266.8170471191406,13.784215927124023,52.524192810058594,300.4751281738281
2020-08-17,274.13055419921875,13.669273376464844,52.3206901550293,301.4459533691406
2020-08-18,271.0492248535156,13.775373458862305,53.47389221191406,302.07696533203125
2020-08-19,269.0139465332031,13.7576904296875,54.46235275268555,300.79547119140625
2020-08-20,266.940673828125,13.50128173828125,53.551414489746094,301.746826171875
2020-08-21,269.3658752441406,13.25371265411377,53.48358154296875,302.824462890625
2020-08-24,272.7135009765625,13.607380867004395,54.278228759765625,305.9019775390625
2020-08-25,272.1239013671875,13.430546760559082,54.35575866699219,306.9698181152344
2020-08-26,277.63995361328125,13.465913772583008,55.712467193603516,310.1054992675781
2020-08-27,274.5015869140625,13.324446678161621,55.41205596923828,310.72686767578125
2020-08-28,272.2760314941406,13.209504127502441,56.090415954589844,312.7461242675781
2020-08-31,271.0872802734375,13.059195518493652,55.45082092285156,311.64910888671875
2020-09-01,271.94317626953125,12.811627388000488,55.8772087097168,314.5615234375
2020-09-02,274.5819396972656,12.90888786315918,57.20484924316406,319.1437683105469
2020-09-03,262.5641784667969,12.723212242126465,55.334529876708984,308.0959777832031
2020-09-04,257.81256103515625,12.53753662109375,54.00688171386719,305.6301574707031
2020-09-08,257.4301452636719,12.449117660522461,53.60956573486328,297.232666015625
2020-09-09,264.86834716796875,12.714369773864746,55.18916702270508,303.09625244140625
2020-09-10,260.7189636230469,12.351860046386719,55.55741882324219,297.795654296875
2020-09-11,264.1894836425781,12.484484672546387,55.23762130737305,298.01898193359375
2020-09-14,268.3197021484375,12.519851684570312,57.621559143066406,301.8924865722656
2020-09-15,273.0331115722656,12.431434631347656,59.05580139160156,303.4458312988281
2020-09-16,269.2566833496094,12.555218696594238,58.56156921386719,302.2225646972656
2020-09-17,267.6600036621094,12.413750648498535,58.31930160522461,299.58197021484375
2020-09-18,263.099609375,12.40491008758545,57.90259552001953,296.0967712402344
2020-09-21,260.3843994140625,11.89208984375,58.939510345458984,292.88336181640625
2020-09-22,261.30218505859375,11.865565299987793,58.745697021484375,295.8443298339844
2020-09-23,254.83920288085938,11.777148246765137,57.137020111083984,288.99041748046875
2020-09-24,254.0265350341797,11.900932312011719,57.46650314331055,289.7864990234375
2020-09-25,256.7513427734375,11.812515258789062,57.951045989990234,294.4269714355469
2020-09-28,260.365234375,11.918615341186523,57.737850189208984,299.358642578125
2020-09-29,260.1549072265625,11.821357727050781,57.63125228881836,297.6515197753906
2020-09-30,265.5089111328125,11.865565299987793,57.85414505004883,299.9427185058594
2020-10-01,265.4228515625,11.715256690979004,57.83475875854492,301.84381103515625
2020-10-02,267.0386047363281,11.900932312011719,57.01103591918945,299.0359802246094
2020-10-05,269.7060241699219,12.54637622833252,57.71847152709961,304.2616882324219
2020-10-06,264.3233337402344,12.581743240356445,57.670013427734375,300.01092529296875
2020-10-07,270.3656921386719,12.57290267944336,58.954383850097656,305.1586608886719
2020-10-08,272.0196533203125,12.882360458374023,59.24627685546875,307.8592224121094
2020-10-09,273.3581848144531,12.935412406921387,59.499263763427734,310.5988464355469
2020-10-12,274.3046875,13.059195518493652,59.8008918762207,315.610107421875
2020-10-13,277.6030578613281,12.90888786315918,59.32412338256836,313.5919494628906
2020-10-14,274.4767761230469,12.705526351928711,59.314388275146484,311.6322937011719
2020-10-15,274.9069519042969,12.6613187789917,58.886268615722656,311.2618103027344
2020-10-16,275.021728515625,12.625951766967773,58.662479400634766,310.9985656738281
2020-10-19,271.264404296875,12.56406021118164,58.01055908203125,306.2993469238281
2020-10-20,273.472900390625,12.785102844238281,58.13705825805664,307.5082702636719
2020-10-21,272.0101623535156,12.670160293579102,58.05921936035156,306.9525451660156
2020-10-22,268.8072814941406,12.864677429199219,58.078678131103516,308.6392517089844
2020-10-23,270.56646728515625,13.121088027954102,58.28300476074219,309.6921691894531
2020-10-26,263.9122619628906,12.838152885437012,55.93806076049805,303.98870849609375
2020-10-27,264.6770935058594,12.360700607299805,55.53913497924805,302.9845275878906
2020-10-28,257.8699035644531,11.874407768249512,54.08935546875,292.5525817871094
2020-10-29,257.7839050292969,11.980508804321289,54.50774383544922,295.6333923339844
2020-10-30,254.99217224121094,11.945140838623047,54.59532165527344,292.308837890625
2020-11-02,258.8450927734375,12.210391998291016,54.9261360168457,295.71142578125
2020-11-03,265.1838073730469,12.307650566101074,55.26668930053711,300.9273986816406
2020-11-04,270.29876708984375,12.28996753692627,54.96506118774414,307.7032165527344
2020-11-05,273.291259765625,12.475643157958984,55.13046646118164,313.72845458984375
2020-11-06,271.7519226074219,12.351860046386719,55.26668930053711,313.68939208984375
2020-11-09,258.10894775390625,13.16529655456543,55.30561447143555,317.5989990234375
2020-11-10,263.4628601074219,13.784215927124023,55.140193939208984,317.1894836425781
2020-11-11,265.5471496582031,13.872631072998047,55.65589141845703,319.42218017578125
2020-11-12,264.1034851074219,13.69579792022705,54.9261360168457,316.4680480957031
2020-11-13,264.99261474609375,14.252826690673828,55.37371826171875,320.767578125
2020-11-16,267.2871398925781,14.801011085510254,55.607242584228516,324.6576232910156
2020-11-17,260.4991455078125,14.456185340881348,55.57804870605469,323.03924560546875
2020-11-18,257.9750671386719,14.429658889770508,54.731536865234375,319.11993408203125
2020-11-19,259.0267639160156,14.447343826293945,54.9261360168457,320.4555969238281
2020-11-20,257.9559326171875,14.562283515930176,54.19639205932617,318.3106384277344
2020-11-23,259.4761047363281,14.491551399230957,54.566131591796875,320.1923828125
2020-11-24,261.30218505859375,14.907112121582031,56.015899658203125,325.37908935546875
2020-11-25,261.92364501953125,14.818695068359375,55.860225677490234,324.84283447265625
2020-11-27,263.86444091796875,14.898268699645996,56.200775146484375,325.7690734863281
2020-11-30,265.2220764160156,14.659543991088867,56.1618537902832,324.306640625
2020-12-01,264.4476623535156,14.889429092407227,57.154319763183594,327.8748779296875
2020-12-02,260.6025085449219,15.057419776916504,57.48514175415039,328.567138671875
2020-12-03,257.7572021484375,15.13699722290039,57.67000961303711,328.4696350097656
2020-12-04,253.767822265625,15.517189025878906,58.34138107299805,331.2969665527344
2020-12-07,252.4701385498047,15.747072219848633,58.185707092285156,330.68280029296875
2020-12-08,251.5857391357422,15.490663528442383,57.436485290527344,331.6382141113281
2020-12-09,255.29624938964844,15.80012321472168,58.11759567260742,328.69390869140625
2020-12-10,254.55609130859375,15.738231658935547,57.87434387207031,328.53790283203125
2020-12-11,254.30615234375,15.216569900512695,58.97384262084961,328.1186828613281
2020-12-14,255.29624938964844,15.331511497497559,59.119789123535156,326.6173095703125
2020-12-15,257.6033630371094,15.526029586791992,60.190093994140625,331.13128662109375
2020-12-16,259.1510009765625,15.57024097442627,61.08525848388672,331.6382141113281
2020-12-17,263.3614196777344,15.60853385925293,61.892852783203125,333.4418640136719
2020-12-18,259.977783203125,15.635882377624512,63.303707122802734,332.1062316894531
2020-12-21,260.49676513671875,14.95209789276123,62.739376068115234,331.0825500488281
2020-12-22,259.5836181640625,14.824458122253418,63.39127731323242,330.4295959472656
2020-12-23,259.3624572753906,15.17090892791748,63.5372428894043,330.6938781738281
2020-12-24,260.42950439453125,15.234728813171387,63.20641326904297,332.0154113769531
2020-12-28,258.8241882324219,15.271197319030762,63.11884689331055,334.90325927734375
2020-12-29,255.88267517089844,15.17090892791748,62.71990966796875,334.1984558105469
2020-12-30,254.98866271972656,15.180026054382324,62.661529541015625,334.6487731933594
2020-12-31,255.334716796875,15.02503490447998,62.943695068359375,336.4499816894531
2021-01-04,253.7005615234375,15.43530559539795,62.029075622558594,331.88818359375
2021-01-05,255.74807739257812,15.60853385925293,61.260398864746094,334.07122802734375
2021-01-06,257.209228515625,16.064390182495117,61.113895416259766,336.0975341796875
2021-01-07,255.94992065429688,16.164676666259766,61.60225296020508,341.1195373535156
2021-01-08,258.67034912109375,15.99145221710205,61.9050407409668,343.0382385253906
2021-01-11,260.7275085449219,15.891162872314453,61.56318283081055,340.7965087890625
2021-01-12,265.6300048828125,15.644999504089355,60.96738052368164,340.8258361816406
2021-01-13,263.43829345703125,15.90939712524414,60.615760803222656,341.67755126953125
2021-01-14,257.9494323730469,16.091739654541016,60.166465759277344,340.5223693847656
2021-01-15,264.9186706542969,15.827343940734863,60.3422737121582,338.0945739746094
2021-01-19,262.6116027832031,15.918513298034668,59.86368179321289,340.76708984375
2021-01-20,263.6785888671875,15.964099884033203,60.12739562988281,345.3974304199219
2021-01-21,268.24468994140625,16.073503494262695,59.78553771972656,345.72052001953125
2021-01-22,273.0030212402344,16.027917861938477,58.955326080322266,344.4870300292969
2021-01-25,274.0412292480469,16.210264205932617,59.48276138305664,345.8868713378906
2021-01-26,271.6572265625,16.401721954345703,60.3618049621582,345.3680725097656
2021-01-27,263.43829345703125,15.973217964172363,61.094356536865234,336.9884033203125
2021-01-28,267.2834167480469,15.964099884033203,59.79530715942383,339.81756591796875
2021-01-29,260.3334045410156,15.635882377624512,59.02368927001953,333.0139465332031
2021-02-01,259.6124572753906,15.90939712524414,60.07855987548828,338.4862365722656
2021-02-02,261.62152099609375,15.99145221710205,60.91854476928711,343.3514709472656
2021-02-03,263.5536804199219,17.131093978881836,60.723201751708984,343.6941223144531
2021-02-04,268.02362060546875,17.140209197998047,61.8757438659668,347.5412902832031
2021-02-05,268.06201171875,16.948749542236328,62.11992645263672,348.931396484375
2021-02-08,269.1867370605469,16.82111167907715,61.641326904296875,351.50604248046875
2021-02-09,266.052978515625,16.839344024658203,62.188289642333984,351.2221374511719
2021-02-10,267.8986511230469,16.894046783447266,61.79759979248047,351.0850830078125
2021-02-11,266.331787109375,17.0399227142334,61.240867614746094,351.65289306640625
2021-02-12,266.76434326171875,17.049039840698242,61.612030029296875,353.4443054199219
2021-02-16,264.7264404296875,17.07638931274414,60.69390106201172,353.1114501953125
2021-02-17,270.04229736328125,16.957866668701172,60.64506530761719,353.1898193359375
2021-02-18,272.08984375,16.811994552612305,60.625526428222656,351.6822204589844
2021-02-19,268.8118591308594,16.85757827758789,59.70740509033203,351.0361633300781
2021-02-22,265.1686096191406,16.77552604675293,62.95014572143555,348.2755432128906
2021-02-23,256.8919982910156,16.884931564331055,62.99897766113281,348.716064453125
2021-02-24,249.90353393554688,16.356136322021484,63.19432067871094,352.57305908203125
2021-02-25,245.36627197265625,16.027917861938477,63.78036117553711,344.11505126953125
2021-02-26,248.3366241455078,15.66323471069336,63.008750915527344,342.2257080078125
2021-03-01,251.4896240234375,15.90028190612793,64.63011169433594,350.5760498046875
2021-03-02,250.2111358642578,15.973217964172363,65.10871124267578,347.8643798828125
2021-03-03,247.3945770263672,16.073503494262695,65.35289764404297,343.273193359375
2021-03-04,241.21356201171875,16.009685516357422,64.08313751220703,339.0441589355469
2021-03-05,243.70327758789062,16.146442413330078,68.34168243408203,345.2604064941406
2021-03-08,248.99989318847656,15.945865631103516,70.480712890625,343.5668640136719
2021-03-09,254.70030212402344,16.39260482788086,70.94953918457031,348.3734436035156
2021-03-10,257.5345153808594,16.70258903503418,70.441650390625,350.5270690917969
2021-03-11,260.0591735839844,16.912281036376953,65.84126281738281,354.22747802734375
2021-03-12,264.1701965332031,17.20403289794922,65.5970687866211,354.7266845703125
2021-03-15,269.43231201171875,17.158445358276367,66.15381622314453,356.7825012207031
2021-03-16,272.8565368652344,17.304317474365234,65.29428100585938,356.381103515625
2021-03-17,270.87359619140625,17.72370719909668,64.67894744873047,357.5460205078125
2021-03-18,273.9012451171875,17.35902214050293,65.18685150146484,352.2891540527344
2021-03-19,279.64703369140625,17.085506439208984,64.71802520751953,351.6626281738281
2021-03-22,279.4923095703125,16.976102828979492,64.77662658691406,354.44287109375
2021-03-23,280.498291015625,16.839344024658203,65.70450592041016,351.8388671875
2021-03-24,283.17767333984375,16.77552604675293,65.27474975585938,349.8907775878906
2021-03-25,287.46282958984375,17.140209197998047,67.0328598022461,351.8584289550781
2021-03-26,293.8760070800781,17.20403289794922,68.61516571044922,357.5985107421875
2021-03-29,292.31866455078125,16.87581443786621,69.47468566894531,357.3824157714844
2021-03-30,294.85302734375,16.939634323120117,68.90818786621094,356.46875
2021-03-31,295.2689208984375,16.802875518798828,68.53702545166016,357.8833923339844
2021-04-01,297.68719482421875,17.07638931274414,70.13885498046875,361.6754150390625
2021-04-05,305.0870361328125,17.20403289794922,72.43417358398438,366.89190673828125
2021-04-06,303.52001953125,17.19491195678711,72.5513687133789,366.68560791015625
2021-04-07,302.2528991699219,17.29520034790039,72.6592788696289,367.1473388671875
2021-04-08,304.1487731933594,17.231380462646484,73.84623718261719,368.93524169921875
2021-04-09,308.7918395996094,17.030805587768555,74.14053344726562,371.5877380371094
2021-04-12,310.30084228515625,17.030805587768555,74.67024993896484,371.75469970703125
2021-04-13,309.9235534667969,16.99433708190918,75.20976257324219,372.76654052734375
2021-04-14,309.5559997558594,17.012569427490234,75.3569107055664,371.5680847167969
2021-04-15,312.1870422363281,17.012569427490234,76.79891967773438,375.5565490722656
2021-04-16,317.3524475097656,17.276968002319336,77.44635009765625,376.8729553222656
2021-04-19,316.16265869140625,17.35902214050293,77.25015258789062,375.0162353515625
2021-04-20,313.3671875,16.930517196655273,77.73081970214844,372.26556396484375
2021-04-21,315.2921142578125,17.140209197998047,75.19996643066406,375.7628479003906
2021-04-22,310.94891357421875,16.985219955444336,73.44405364990234,372.31463623046875
2021-04-23,313.2994689941406,17.0399227142334,73.54215240478516,376.2834777832031
2021-04-26,309.5269470214844,17.158445358276367,73.08109283447266,377.0988464355469
2021-04-27,310.10736083984375,17.22226333618164,73.78739166259766,376.9809875488281
2021-04-28,309.2561340332031,17.304317474365234,73.34595489501953,376.8041687011719
2021-04-29,314.7020263671875,17.44107437133789,74.42501831054688,379.3190612792969
2021-04-30,313.0866394042969,17.276968002319336,74.34652709960938,376.81402587890625
2021-05-03,319.4708557128906,17.55959701538086,75.8572006225586,377.6686706542969
2021-05-04,321.88909912109375,17.63253402709961,77.03434753417969,375.369873046875
2021-05-05,321.1926574707031,18.01545524597168,77.68177795410156,375.43865966796875
2021-05-06,326.54180908203125,18.18868064880371,78.2212905883789,378.49383544921875
2021-05-07,328.1571960449219,18.25250244140625,78.86872863769531,381.1954345703125
2021-05-10,329.9660949707031,18.40749168395996,78.62349700927734,377.4623718261719
2021-05-11,319.8480529785156,18.133975982666016,76.21034240722656,374.1517028808594
2021-05-12,306.6347351074219,18.133975982666016,75.28824615478516,366.1649475097656
2021-05-13,314.77947998046875,18.097509384155273,76.65176391601562,370.51690673828125
2021-05-14,313.0479736328125,18.307205200195312,77.38748931884766,376.2049255371094
2021-05-17,309.5463562011719,18.45307731628418,77.5738754272461,375.3011474609375
2021-05-18,306.3929138183594,16.748172760009766,77.19129180908203,372.05926513671875
2021-05-19,304.16815185546875,16.666120529174805,77.24034881591797,371.0768737792969
2021-05-20,305.5707092285156,16.77552604675293,77.2207260131836,375.0358581542969
2021-05-21,305.4449462890625,16.748172760009766,77.52481842041016,374.7509460449219
2021-05-24,304.5453796386719,16.976102828979492,77.86815643310547,378.5331726074219
2021-05-25,306.3929138183594,16.720823287963867,77.3286361694336,377.7374267578125
2021-05-26,306.9538879394531,16.629650115966797,77.75044250488281,378.4251403808594
2021-05-27,308.34686279296875,16.92140007019043,77.47576904296875,378.59210205078125
2021-05-28,308.4822692871094,16.839344024658203,77.24034881591797,379.32891845703125
2021-06-01,305.96728515625,16.811994552612305,78.05453491210938,379.0342102050781
2021-06-02,304.5768127441406,16.77552604675293,78.74120330810547,379.6727294921875
2021-06-03,302.8265380859375,16.739055633544922,79.54558563232422,378.2286682128906
2021-06-04,302.41815185546875,16.848461151123047,81.31130981445312,381.6571350097656
2021-06-07,301.39715576171875,17.012569427490234,82.34131622314453,381.3330078125
2021-06-08,302.3111572265625,16.82111167907715,82.99855041503906,381.39190673828125
2021-06-09,298.84954833984375,16.75728988647461,82.9102554321289,380.79266357421875
2021-06-10,299.792724609375,17.012569427490234,80.7325439453125,382.5511474609375
2021-06-11,302.18475341796875,16.948749542236328,81.32111358642578,383.2191467285156
2021-06-14,300.77484130859375,17.012569427490234,81.04645538330078,384.1819152832031
2021-06-15,297.984130859375,17.158445358276367,80.08511352539062,383.3763427734375
2021-06-16,294.41552734375,16.87581443786621,75.6119613647461,381.2740173339844
2021-06-17,294.7460632324219,16.748172760009766,76.08281707763672,381.136474609375
2021-06-18,294.2501525878906,16.310550689697266,74.77816009521484,376.07720947265625
2021-06-21,299.10235595703125,16.711706161499023,76.50462341308594,381.3428039550781
2021-06-22,304.0711669921875,16.82111167907715,77.18148040771484,383.36651611328125
2021-06-23,303.0599060058594,16.912281036376953,76.6125259399414,382.95391845703125
2021-06-24,303.2252197265625,16.68585777282715,76.25939178466797,385.14459228515625
2021-06-25,304.96575927734375,16.244285583496094,76.96568298339844,386.5691223144531
2021-06-28,305.5977783203125,16.04698371887207,77.00492095947266,387.3746643066406
2021-06-29,309.4483947753906,16.000009536743164,76.6125259399414,387.5451354980469
2021-06-30,310.0804443359375,16.09395980834961,76.35747528076172,387.8999938964844
2021-07-01,312.6572570800781,16.000009536743164,78.02511596679688,390.08831787109375
2021-07-02,313.78521728515625,16.112751007080078,80.26168060302734,393.05535888671875
2021-07-06,310.44024658203125,15.699360847473145,81.49768829345703,392.3160400390625
2021-07-07,314.54364013671875,15.671175956726074,84.45035552978516,393.66644287109375
2021-07-08,309.7401123046875,15.426901817321777,83.95988464355469,390.53192138671875
2021-07-09,313.1920471191406,15.661782264709473,86.08855438232422,394.6522216796875
2021-07-12,312.8517150878906,15.821500778198242,85.42150115966797,396.08148193359375
2021-07-13,308.2912902832031,15.661782264709473,85.41168975830078,394.74090576171875
2021-07-14,310.4013671875,15.567829132080078,86.9180908203125,395.2830810546875
2021-07-15,313.7948913574219,15.304764747619629,84.9095687866211,394.011474609375
2021-07-16,312.6572570800781,15.304764747619629,86.1402816772461,390.9458923339844
2021-07-19,310.06103515625,14.741052627563477,85.63814544677734,385.1005554199219
2021-07-20,316.36199951171875,14.741052627563477,87.292236328125,390.5417785644531
2021-07-21,317.3440856933594,15.041699409484863,88.30634307861328,393.8241882324219
2021-07-22,317.63580322265625,15.229601860046387,89.2909164428711,394.66204833984375
2021-07-23,323.64508056640625,15.502063751220703,86.33720397949219,398.6049499511719
2021-07-26,322.03094482421875,15.511458396911621,86.50457000732422,399.6202392578125
2021-07-27,318.2192687988281,15.492668151855469,86.44549560546875,397.8459167480469
2021-07-28,316.5272521972656,15.389320373535156,85.8350601196289,397.62908935546875
2021-07-29,318.3845520019531,15.445693016052246,86.27812194824219,399.3442077636719
2021-07-30,319.12353515625,15.342345237731934,85.7956771850586,397.3924865722656
2021-08-02,318.1803283691406,15.455087661743164,86.24858093261719,396.58416748046875
2021-08-03,322.7699890136719,15.671175956726074,88.3555679321289,399.78778076171875
2021-08-04,321.1849670410156,15.445693016052246,88.6607894897461,397.87548828125
2021-08-05,323.9076232910156,15.642990112304688,88.05034637451172,400.3595275878906
2021-08-06,320.72796630859375,15.727547645568848,88.13895416259766,401.04949951171875
2021-08-09,319.67779541015625,15.802708625793457,88.51309967041016,400.66510009765625
2021-08-10,322.3226318359375,15.802708625793457,88.25711059570312,401.1678161621094
2021-08-11,327.6901550292969,15.943635940551758,88.24726104736328,402.1337890625
2021-08-12,324.79248046875,15.943635940551758,88.42449188232422,403.30682373046875
2021-08-13,322.1670837402344,15.924847602844238,88.9856948852539,404.105224609375
2021-08-16,325.79400634765625,15.896661758422852,89.41890716552734,405.0712585449219
2021-08-17,311.8890686035156,15.77452564239502,89.54690551757812,402.39996337890625
2021-08-18,312.6669616699219,15.906057357788086,87.56791687011719,398.0726318359375
2021-08-19,313.97967529296875,15.783918380737305,87.3414535522461,398.634521484375
2021-08-20,320.1445007324219,15.962427139282227,87.56791687011719,401.7887878417969
2021-08-23,318.6859130859375,16.028194427490234,87.74513244628906,405.3472595214844
2021-08-24,315.92437744140625,16.065776824951172,87.1839370727539,405.9879455566406
2021-08-25,314.93255615234375,16.159727096557617,87.25284576416016,406.7370910644531
2021-08-26,312.59893798828125,16.028194427490234,87.35131072998047,404.36151123046875
2021-08-27,314.4464416503906,16.187911987304688,87.97158813476562,407.94952392578125
2021-08-30,318.06365966796875,16.150331497192383,88.07003784179688,409.8224182128906
2021-08-31,317.16900634765625,16.03759002685547,87.75497436523438,409.1225280761719
2021-09-01,316.29925537109375,16.075170516967773,88.56232452392578,409.5562438964844
2021-09-02,320.3062438964844,16.028194427490234,88.41464233398438,410.778564453125
2021-09-03,322.8472595214844,15.943635940551758,88.61155700683594,410.620849609375
2021-09-07,321.48883056640625,15.924847602844238,87.35131072998047,409.1028137207031
2021-09-08,324.05914306640625,16.0094051361084,88.08972930908203,408.70855712890625
2021-09-09,324.24481201171875,15.605411529541016,88.15865325927734,406.8750915527344
2021-09-10,324.4207763671875,15.3329496383667,88.29650115966797,403.73065185546875
2021-09-13,327.8414001464844,15.549038887023926,87.51868438720703,404.6769714355469
2021-09-14,325.564208984375,15.201416969299316,85.0572509765625,402.577392578125
2021-09-15,325.8085632324219,15.192022323608398,86.3765869140625,405.938720703125
2021-09-16,328.76007080078125,15.248393058776855,85.90398406982422,405.2388000488281
2021-09-17,328.056396484375,15.004118919372559,85.0572509765625,401.266357421875
2021-09-20,323.697509765625,14.891376495361328,84.84064483642578,394.7113342285156
2021-09-21,326.6392822265625,14.825610160827637,85.57907104492188,394.326904296875
2021-09-22,328.3104553222656,14.985328674316406,87.07562255859375,398.13177490234375
2021-09-23,328.2909240722656,15.032303810119629,88.04049682617188,402.94207763671875
2021-09-24,329.8350830078125,14.891376495361328,88.552490234375,403.61236572265625
2021-09-27,333.6661682128906,15.192022323608398,89.6355209350586,402.4689025878906
2021-09-28,326.2287902832031,14.778633117675781,89.093994140625,394.42547607421875
2021-09-29,329.2878112792969,14.741052627563477,89.84227752685547,395.0465393066406
2021-09-30,320.8144226074219,14.515568733215332,85.78582000732422,390.0424499511719
2021-10-01,322.3781433105469,14.571940422058105,88.3555679321289,394.7102966308594
2021-10-04,319.0650634765625,14.788028717041016,87.88297271728516,389.85455322265625
2021-10-05,322.0068054199219,14.844400405883789,90.07855987548828,393.6422424316406
2021-10-06,322.8668212890625,14.52496337890625,89.93087768554688,395.3926696777344
2021-10-07,329.8253173828125,14.487382888793945,90.88591766357422,398.7946472167969
2021-10-08,326.75653076171875,14.49677848815918,93.25711822509766,398.0430603027344
2021-10-11,329.3268737792969,14.33705997467041,94.14631652832031,395.14544677734375
2021-10-12,330.1380920410156,14.318269729614258,94.4229507446289,394.3542785644531
2021-10-13,330.607177734375,14.33705997467041,95.24299621582031,395.6201171875
2021-10-14,336.24627685546875,14.440406799316406,94.13643646240234,402.2658996582031
2021-10-15,342.4620361328125,14.393430709838867,94.18583679199219,405.4008483886719
2021-10-18,346.9577331542969,14.33705997467041,95.35167694091797,406.63702392578125
2021-10-19,349.8701477050781,14.38403606414795,95.89507293701172,409.80169677734375
2021-10-20,350.10467529296875,14.703472137451172,95.48011016845703,411.3938903808594
2021-10-21,356.3497314453125,14.571940422058105,95.14419555664062,412.40264892578125
2021-10-22,357.68865966796875,14.543753623962402,97.07078552246094,411.9872741699219
2021-10-25,362.8391418457031,14.553149223327637,96.7151107788086,414.1233825683594
2021-10-26,360.8258361816406,14.71286678314209,95.8160400390625,414.51898193359375
2021-10-27,363.8750915527344,14.628310203552246,94.87743377685547,412.7190856933594
2021-10-28,363.1421203613281,14.308874130249023,95.07503509521484,416.7540283203125
2021-10-29,363.3082275390625,14.045808792114258,94.78851318359375,417.4957275390625
2021-11-01,358.1675720214844,14.280689239501953,93.24723815917969,418.3758850097656
2021-11-02,358.9591979980469,14.102180480957031,94.7193603515625,419.997802734375
2021-11-03,360.6011047363281,13.95185661315918,94.9959945678711,422.5295104980469
2021-11-04,363.7382507324219,14.17734146118164,94.48222351074219,424.50738525390625
2021-11-05,360.04400634765625,14.233712196350098,93.81039428710938,425.9512634277344
2021-11-08,360.22967529296875,14.36524486541748,93.99811553955078,426.4655456542969
2021-11-09,362.2429504394531,14.440406799316406,93.4547119140625,424.97222900390625
2021-11-10,360.21990966796875,14.33705997467041,92.7038345336914,421.55047607421875
2021-11-11,359.2914733886719,14.52496337890625,92.91132354736328,421.6888732910156
2021-11-12,364.17803955078125,14.5343599319458,92.41732025146484,424.8238830566406
2021-11-15,362.6632080078125,14.44980239868164,92.89155578613281,425.0216369628906
2021-11-16,383.43121337890625,15.126255989074707,94.46247863769531,426.6435241699219
2021-11-17,385.89404296875,14.750448226928711,94.18583679199219,425.6150207519531
2021-11-18,396.6445617675781,14.750448226928711,93.52388000488281,427.08856201171875
2021-11-19,399.4201354980469,14.543753623962402,92.8421630859375,426.2875061035156
2021-11-22,399.5179138183594,14.881980895996094,93.47447967529297,425.16009521484375
2021-11-23,399.1073913574219,14.835004806518555,91.82452392578125,425.71392822265625
2021-11-24,402.7625732421875,14.887445449829102,92.45684051513672,426.76220703125
2021-11-26,393.5660400390625,14.50870418548584,91.22183990478516,417.4759826660156
2021-11-29,397.59259033203125,14.45043659210205,91.82452392578125,422.51959228515625
2021-11-30,391.5234069824219,14.256210327148438,89.65092468261719,414.4299621582031
2021-12-01,392.9562072753906,14.197942733764648,88.67280578613281,409.6632080078125
2021-12-02,400.1692199707031,14.382457733154297,88.90992736816406,415.9134216308594
2021-12-03,400.20843505859375,14.304766654968262,87.18092346191406,412.2345275878906
2021-12-06,407.951416015625,14.59610652923584,87.8725357055664,417.15948486328125
2021-12-07,408.4224548339844,14.46985912322998,88.96920776367188,425.73370361328125
2021-12-08,403.5843505859375,14.70293140411377,87.8725357055664,426.93035888671875
2021-12-09,403.6726379394531,14.50870418548584,87.7045669555664,424.0228576660156
2021-12-10,407.6569519042969,14.66408634185791,101.39820861816406,428.067626953125
2021-12-13,397.6863708496094,14.528127670288086,99.67910766601562,424.2700500488281
2021-12-14,394.7030334472656,14.70293140411377,98.69110870361328,421.3822937011719
2021-12-15,400.20843505859375,14.46985912322998,102.4059829711914,427.9687194824219
2021-12-16,392.0827941894531,14.62524127960205,101.98113250732422,424.1019287109375
2021-12-17,380.74810791015625,14.761198997497559,95.46035766601562,419.70111083984375
2021-12-20,382.1416015625,14.440725326538086,90.54012298583984,415.16180419921875
2021-12-21,383.191650390625,14.722352981567383,90.41168975830078,422.52972412109375
2021-12-22,388.26531982421875,14.732065200805664,88.78147888183594,426.7977600097656
2021-12-23,389.6686706542969,14.780621528625488,88.6431655883789,429.4281005859375
2021-12-27,396.55780029296875,14.722352981567383,88.46533203125,435.5522766113281
2021-12-28,398.6481018066406,14.819466590881348,87.58600616455078,435.2247314453125
2021-12-29,403.1819763183594,14.848600387573242,87.15129089355469,435.7508239746094
2021-12-30,402.29876708984375,14.712641716003418,86.95369720458984,434.5199890136719
2021-12-31,407.2742614746094,14.498993873596191,86.16329193115234,433.3289489746094
2022-01-03,401.02301025390625,14.994270324707031,86.84500885009766,435.989013671875
2022-01-04,405.14471435546875,15.275897979736328,87.77371978759766,435.8103942871094
2022-01-05,399.64910888671875,15.023405075073242,85.42229461669922,427.4627990722656
2022-01-06,398.1966857910156,15.101095199584961,85.6206283569336,426.8871154785156
2022-01-07,386.27313232421875,15.373011589050293,86.7808837890625,425.4081726074219
2022-01-10,380.2377624511719,15.693485260009766,88.5361328125,424.8523254394531
2022-01-11,379.4625549316406,15.61579418182373,87.74280548095703,428.574462890625
2022-01-12,382.1416015625,15.664350509643555,87.57421112060547,429.85491943359375
2022-01-13,379.7667541503906,15.78088665008545,87.05854797363281,423.9292297363281
2022-01-14,365.06597900390625,15.975113868713379,86.95938873291016,424.05828857421875
2022-01-18,359.8843688964844,16.188762664794922,84.83721923828125,416.62384033203125
2022-01-19,352.9854431152344,16.07222557067871,82.68528747558594,412.24658203125
2022-01-20,343.0638732910156,15.751751899719238,82.03079223632812,407.7105407714844
2022-01-21,342.59283447265625,15.373011589050293,81.53495788574219,399.700439453125
2022-01-24,357.02862548828125,16.41212272644043,81.73328399658203,401.36798095703125
2022-01-25,352.28863525390625,16.57721519470215,80.39453887939453,396.4944152832031
2022-01-26,350.6203308105469,16.24703025817871,78.92686462402344,395.6011047363281
2022-01-27,349.7861633300781,16.31500816345215,79.11528778076172,393.59613037109375
2022-01-28,359.7077331542969,17.257007598876953,79.80945587158203,403.24395751953125
2022-01-31,360.1395568847656,17.004512786865234,80.48379516601562,410.6187744140625
2022-02-01,361.8274841308594,16.771442413330078,80.36479187011719,413.2987365722656
2022-02-02,366.76373291015625,17.36383056640625,81.81262969970703,417.2392578125
2022-02-03,358.0099792480469,17.655170440673828,81.25728607177734,407.54180908203125
2022-02-04,352.9657897949219,17.67459487915039,81.42587280273438,409.45745849609375
2022-02-07,350.6890563964844,17.927085876464844,80.06729125976562,408.1075744628906
2022-02-08,354.7027893066406,18.199003219604492,80.11686706542969,411.4128112792969
2022-02-09,357.57818603515625,18.373807907104492,82.75470733642578,417.44769287109375
2022-02-10,348.4711608886719,18.101890563964844,81.16803741455078,410.1125793457031
2022-02-11,343.7606506347656,18.072757720947266,79.08553314208984,401.93377685546875
2022-02-14,345.0069580078125,17.859107971191406,78.29219818115234,400.62353515625
2022-02-15,346.6752624511719,18.199003219604492,79.1053695678711,407.0554504394531
2022-02-16,343.5643615722656,18.325252532958984,78.53020477294922,407.54180908203125
2022-02-17,341.4544372558594,18.150447845458984,74.90069580078125,398.8765869140625
2022-02-18,340.40435791015625,18.092178344726562,73.94869232177734,396.32568359375
2022-02-22,310.2766418457031,18.004779815673828,73.50244903564453,391.9881286621094
2022-02-23,302.70050048828125,17.791128158569336,71.86619567871094,384.930908203125
2022-02-24,307.4012145996094,17.159893035888672,74.18669128417969,390.8466491699219
2022-02-25,310.7476806640625,17.49007797241211,75.7138671875,399.3828125
2022-02-28,309.9429626464844,17.189027786254883,75.33702850341797,398.38031005859375
2022-03-01,314.28057861328125,16.829708099365234,75.37670135498047,392.4049987792969
2022-03-02,321.26788330078125,17.062780380249023,77.6277847290039,399.6111145019531
2022-03-03,318.31396484375,16.645193099975586,77.59803771972656,397.6061096191406
2022-03-04,318.2158203125,15.926556587219238,75.85269927978516,394.3901672363281
2022-03-07,316.7535705566406,15.334166526794434,73.70077514648438,382.7472229003906
2022-03-08,310.8360290527344,15.13994026184082,72.71902465820312,379.85888671875
2022-03-09,313.1659851074219,15.576950073242188,75.46595001220703,389.9831237792969
2022-03-10,313.8965759277344,15.334166526794434,76.01136779785156,388.2461242675781
2022-03-11,312.7611999511719,15.237052917480469,77.17161560058594,383.2931823730469
2022-03-14,314.31121826171875,15.489547729492188,76.42786407470703,380.4941101074219
2022-03-15,324.3617858886719,15.751751899719238,79.92845153808594,388.8416442871094
2022-03-16,326.70166015625,16.081937789916992,79.29378509521484,397.5366516113281
2022-03-17,332.0823059082031,16.32472038269043,79.92845153808594,402.4002685546875
2022-03-18,336.4066162109375,16.557790756225586,80.99945831298828,406.8470153808594
2022-03-21,325.18121337890625,16.557790756225586,80.28545379638672,406.8668518066406
2022-03-22,325.5366516113281,16.53837013244629,81.11846160888672,411.5915222167969
2022-03-23,313.01788330078125,16.09164810180664,79.72020721435547,406.2911682128906
2022-03-24,311.7640380859375,16.23731803894043,81.5547866821289,412.33038330078125
2022-03-25,306.7289123535156,16.29558753967285,81.04904174804688,414.4218444824219
2022-03-28,310.2831115722656,16.305299758911133,82.90345764160156,417.2801208496094
2022-03-29,313.66949462890625,16.480100631713867,83.58771514892578,422.5585021972656
2022-03-30,304.537109375,16.41212272644043,82.66545867919922,419.92926025390625
2022-03-31,295.52325439453125,16.140207290649414,82.04071044921875,413.4757385253906
2022-04-01,298.0506896972656,16.43154525756836,81.32670593261719,414.62103271484375
2022-04-04,301.6937561035156,16.32472038269043,83.36953735351562,418.1366271972656
2022-04-05,300.98291015625,16.062515258789062,82.24896240234375,412.9678039550781
2022-04-06,294.7432861328125,16.421833038330078,81.435791015625,408.784912109375
2022-04-07,298.8997802734375,16.37327766418457,81.17694854736328,410.84649658203125
2022-04-08,307.1534118652344,16.48981285095215,80.57962036132812,409.8505554199219
2022-04-11,302.81927490234375,16.60634994506836,79.40487670898438,402.7496643066406
2022-04-12,302.3947448730469,16.635482788085938,78.97679138183594,401.2757263183594
2022-04-13,306.47222900390625,17.053068161010742,79.39491271972656,405.80712890625
2022-04-14,300.6472473144531,16.994800567626953,79.09624481201172,400.8773193359375
2022-04-18,296.3920593261719,16.829708099365234,77.8717269897461,400.9470520019531
2022-04-19,303.8855285644531,16.703462600708008,79.20575714111328,407.3507995605469
2022-04-20,311.1322021484375,16.45096778869629,79.93251037597656,407.04205322265625
2022-04-21,306.4129638671875,16.334430694580078,79.1261215209961,401.0068054199219
2022-04-22,296.2933044433594,16.052804946899414,75.87067413330078,390.0616455078125
2022-04-25,301.0618896484375,16.101360321044922,76.63725280761719,392.1929016113281
2022-04-26,296.1452331542969,15.693485260009766,74.1782455444336,380.9788818359375
2022-04-27,297.7643737792969,15.567238807678223,74.42713928222656,381.96484375
2022-04-28,307.7951965332031,15.800310134887695,75.80098724365234,391.53564453125
2022-04-29,296.57965087890625,14.751486778259277,73.07318878173828,377.154541015625
2022-05-02,303.06610107421875,14.62524127960205,73.67051696777344,379.5248107910156
2022-05-03,301.0816345214844,15.217630386352539,72.96367645263672,381.1681213378906
2022-05-04,311.3000183105469,15.411856651306152,74.87512969970703,392.730712890625
2022-05-05,295.3060302734375,15.023405075073242,72.47586059570312,378.9372253417969
2022-05-06,290.56707763671875,14.59610652923584,72.167236328125,376.5570068359375
2022-05-09,293.25250244140625,14.372746467590332,71.22147369384766,364.4067687988281
2022-05-10,287.4571533203125,14.440725326538086,72.20706176757812,365.3429260253906
2022-05-11,279.3614196777344,14.149385452270508,70.71373748779297,359.4570617675781
2022-05-12,286.0058288574219,14.275632858276367,70.41507720947266,359.1781921386719
2022-05-13,292.26519775390625,14.207653999328613,70.85311889648438,367.6534729003906
2022-05-16,292.2257385253906,14.586395263671875,69.39962005615234,366.3388671875
2022-05-17,297.1226806640625,14.751486778259277,71.55995178222656,373.6688537597656
2022-05-18,281.5531921386719,14.314477920532227,67.99590301513672,358.8694763183594
2022-05-19,284.10040283203125,14.48928165435791,66.74150848388672,356.46929931640625
2022-05-20,283.5376281738281,14.887445449829102,68.32442474365234,356.5589294433594
2022-05-23,282.39239501953125,15.547815322875977,69.7281494140625,363.32122802734375
2022-05-24,284.25836181640625,16.081937789916992,68.72264862060547,360.70196533203125
2022-05-25,289.83648681640625,16.23731803894043,69.51908874511719,363.70965576171875
2022-05-26,298.958984375,16.28587532043457,71.3409423828125,370.94000244140625
2022-05-27,304.537109375,16.14991569519043,72.45594787597656,380.24188232421875
2022-05-31,298.8997802734375,16.15962791442871,71.59977722167969,378.1305236816406
2022-06-01,295.26348876953125,16.03338050842285,71.28120422363281,374.9635314941406
2022-06-02,303.88720703125,15.878000259399414,72.81434631347656,382.0843505859375
2022-06-03,303.1023254394531,15.680000305175781,71.4703598022461,375.8996887207031
2022-06-06,301.9200744628906,15.890000343322754,72.64510345458984,376.92547607421875
2022-06-07,299.81378173828125,16.030000686645508,72.3663558959961,380.6103820800781
2022-06-08,295.6012878417969,15.680000305175781,71.06217956542969,376.4474182128906
2022-06-09,297.9161682128906,15.770000457763672,68.91180419921875,367.5937194824219
2022-06-10,287.3650207519531,15.59000015258789,66.841064453125,356.8078918457031
2022-06-13,281.3244323730469,15.359999656677246,63.76482391357422,343.05426025390625
2022-06-14,276.8635559082031,15.180000305175781,70.40512084960938,342.1977844238281
2022-06-15,277.91668701171875,15.460000038146973,69.38966369628906,347.0976867675781
2022-06-16,271.68731689453125,15.520000457763672,68.40406799316406,335.6944274902344
2022-06-17,268.97503662109375,15.489999771118164,67.4184799194336,336.57086181640625
2022-06-21,267.4549560546875,15.869999885559082,67.37865447998047,344.81707763671875
2022-06-22,267.2363586425781,15.670000076293945,66.23377990722656,344.09002685546875
2022-06-23,273.6346130371094,15.59000015258789,67.3288803100586,347.7052307128906
2022-06-24,281.16546630859375,15.65999984741211,70.38520812988281,358.5308532714844
2022-06-27,280.85748291015625,15.739999771118164,70.09650421142578,357.1863708496094
2022-06-28,268.3987731933594,15.6899995803833,68.27465057373047,349.4679870605469
2022-06-29,272.09466552734375,15.4399995803833,68.90184020996094,349.6400146484375
2022-06-30,272.4920654296875,15.579999923706055,69.55890655517578,346.8800048828125
2022-07-01,277.2708740234375,15.609999656677246,70.55445861816406,350.44000244140625
2022-07-05,281.8907470703125,15.380000114440918,71.66946411132812,351.05999755859375
2022-07-06,281.74169921875,15.220000267028809,71.3409423828125,352.3299865722656
2022-07-07,284.83154296875,15.329999923706055,71.51017761230469,357.5
2022-07-08,284.61297607421875,15.449999809265137,71.55000305175781,357.2900085449219
2022-07-11,284.53350830078125,15.350000381469727,71.56999969482422,353.25
2022-07-12,283.271728515625,15.329999923706055,70.41000366210938,349.989990234375
2022-07-13,285.318359375,15.430000305175781,70.02999877929688,348.3599853515625
2022-07-14,287.6034851074219,15.149999618530273,69.44999694824219,347.44000244140625
2022-07-15,290.51446533203125,15.350000381469727,70.73999786376953,354.010009765625
2022-07-18,291.1502990722656,15.489999771118164,70.20999908447266,351.0799865722656
2022-07-19,297.8863525390625,15.770000457763672,72.23999786376953,360.6099853515625
2022-07-20,300.3403625488281,15.390000343322754,72.58999633789062,362.9200134277344
2022-07-21,303.0228576660156,15.430000305175781,74.54000091552734,366.5899963378906
2022-07-22,304.6025390625,15.420000076293945,74.9000015258789,363.25
2022-07-25,304.1654052734375,15.5600004196167,74.86000061035156,363.6099853515625
2022-07-26,296.2470703125,14.529999732971191,74.02999877929688,359.25
2022-07-27,296.97235107421875,14.6899995803833,75.87000274658203,368.6600036621094
2022-07-28,297.68768310546875,14.390000343322754,77.04000091552734,373.32000732421875
2022-07-29,298.98919677734375,14.760000228881836,77.83999633789062,378.7900085449219
2022-08-01,303.8375549316406,14.779999732971191,77.44000244140625,377.6499938964844
2022-08-02,298.7606506347656,14.640000343322754,76.3499984741211,375.2099914550781
2022-08-03,304.38397216796875,14.430000305175781,77.37000274658203,381.07000732421875
2022-08-04,305.1788024902344,14.380000114440918,77.4000015258789,380.7699890136719
2022-08-05,307.6824645996094,14.6899995803833,77.3499984741211,379.9800109863281
2022-08-08,309.94769287109375,14.619999885559082,76.47000122070312,379.6400146484375
2022-08-09,303.23150634765625,14.819999694824219,76.7699966430664,378.1400146484375
2022-08-10,309.5601806640625,14.84000015258789,77.54000091552734,386.05999755859375
2022-08-11,308.67596435546875,14.760000228881836,77.16000366210938,386.05999755859375
2022-08-12,312.8487548828125,14.84000015258789,79.1500015258789,392.6700134277344
2022-08-15,312.570556640625,14.729999542236328,79.11000061035156,394.3500061035156
2022-08-16,325.2577819824219,15.039999961853027,79.5199966430664,395.0400085449219
2022-08-17,323.6482849121094,14.670000076293945,79.25,392.3399963378906
2022-08-18,323.1018371582031,14.579999923706055,79.31999969482422,393.54998779296875
2022-08-19,319.237060546875,14.399999618530273,78.66000366210938,388.1199951171875
2022-08-22,310.1861267089844,14.050000190734863,76.45999908447266,379.94000244140625
2022-08-23,304.9105529785156,13.899999618530273,76.41000366210938,379.0400085449219
2022-08-24,306.1127014160156,13.760000228881836,76.16999816894531,380.19000244140625
2022-08-25,307.7718811035156,13.84000015258789,76.88999938964844,385.7300109863281
2022-08-26,296.1676025390625,13.539999961853027,74.6500015258789,372.510009765625
2022-08-29,294.3991394042969,13.59000015258789,74.19000244140625,370.04998779296875
2022-08-30,291.20001220703125,13.609999656677246,74.13999938964844,366.0299987792969
2022-08-31,288.4200134277344,13.420000076293945,74.1500015258789,363.1499938964844
2022-09-01,293.3699951171875,13.079999923706055,75.30000305175781,364.2699890136719
2022-09-02,291.8999938964844,13.079999923706055,74.68000030517578,360.45001220703125
2022-09-06,289.5400085449219,13.039999961853027,73.83000183105469,359.239990234375
2022-09-07,297.4700012207031,12.739999771118164,74.48999786376953,365.67999267578125
2022-09-08,299.8999938964844,12.479999542236328,74.6500015258789,368.07000732421875
2022-09-09,299.7699890136719,12.699999809265137,75.91000366210938,373.75
2022-09-12,297.5400085449219,12.949999809265137,77.08000183105469,377.8599853515625
2022-09-13,277.92999267578125,12.489999771118164,76.04000091552734,361.3800048828125
2022-09-14,276.3399963378906,12.460000038146973,72.12000274658203,362.7300109863281
2022-09-15,271.5400085449219,12.529999732971191,70.23999786376953,358.67999267578125
2022-09-16,275.9700012207031,12.479999542236328,68.83000183105469,355.8599853515625
2022-09-19,280.4200134277344,12.5,69.06999969482422,358.5899963378906
2022-09-20,274.1700134277344,12.15999984741211,68.11000061035156,354.54998779296875
