name,bse_code,nse_code,industry,current_price,price_to_earning,market_capitalization,roce,eps_last_year,roe,book_value,price_to_book_value,graham_number,historical_pe_7years,current_ratio,peg_ratio,debt_equity,z_score,f_score,npm_last_year,growth,eps,industry_pe,quick_ratio,debtor_days,number_of_equity_shares,intrinsic_value,enterprise_value,pledged_percentage,promoter_holding,earnings_yield,free_cash_flow_3years,g_factor,return_on_assets,ticker,debt_equity_norm,current_ratio_norm,growth_norm,roce_norm,roe_norm,final_score
Meghna Infracon,538668.0,,Finance & Investments,812.35,150.57,882.36,21.05,2.92,27.32,13.8,58.86,40.93,149.63,36.02,3.43,0.0,96.8,8.0,5.77,214.23,5.4,11.55,22.24,4.19,1.09,49.3,882.06,0.0,46.92,0.76,-1.31,3.0,19.37,MIIL.BO,1.0,1.0,1.0,0.12449727939436953,0.07006924852526289,0.6389133055839264
Infronics Sys.,537985.0,,Computers - Software - Medium / Small,35.45,18.37,28.1,123.82,3.18,259.79,3.61,9.82,12.52,28.19,17.44,0.28,0.01,20.78,8.0,58.06,-0.76,1.93,27.72,17.44,66.44,0.79,23.6,25.62,0.0,53.55,8.78,2.92,4.0,51.27,INFRONICS.BO,0.989010989010989,0.4841754580788451,-0.0035475890398170193,0.7323160634019398,0.666299051038728,0.5240228655955966
Nestle India,500790.0,NESTLEIND,Food - Processing - MNC,2191.95,67.37,211338.43,169.08,40.79,135.33,41.39,52.96,180.23,77.11,0.75,3.45,0.09,33.93,8.0,16.09,22.25,34.88,52.41,0.26,4.5,96.42,475.03,211567.73,0.0,62.76,2.04,5998.38,4.0,40.25,NESTLEIND.NS,0.9010989010989011,0.02082176568573015,0.10386033702095879,1.0,0.34708899717876385,0.4347120719929737
Network People,,NPST,Computers - Software - Medium / Small,1616.95,64.08,3135.25,83.46,13.78,63.69,47.63,33.95,164.47,81.5,2.99,0.78,0.0,40.73,9.0,21.53,102.59,25.24,27.72,2.99,2.8,1.94,458.14,3011.26,0.0,67.55,2.16,45.27,4.0,47.35,NPST-SM.NS,1.0,0.0830094392004442,0.47887784157214214,0.49361249112845984,0.16334957681456785,0.4177137618217299
Mefcom Capital,531176.0,,Finance & Investments,16.38,28.9,74.86,41.14,1.7,43.29,5.39,3.04,8.29,9.19,6.57,0.67,0.14,15.83,8.0,3.62,96.98,0.57,19.13,1.36,1.42,4.57,17.61,76.91,0.0,74.43,4.71,0.87,2.0,36.23,MEFCOMCAP.BO,0.8461538461538461,0.18239866740699612,0.4526910330019139,0.24331677312514785,0.11102846883816364,0.34744461704761687
Ganesh Housing,526367.0,GANESHHOUC,Construction,997.1,15.23,8314.53,45.01,55.25,41.58,207.57,4.8,552.97,16.59,5.75,0.2,0.02,10.29,8.0,51.75,74.35,65.47,27.87,3.88,49.66,8.34,1297.48,8095.78,0.0,73.06,9.06,526.34,7.0,28.93,GANESHHOUC.NS,0.978021978021978,0.15963353692393115,0.3470569014610465,0.26620534658149986,0.1066427289048474,0.339963844550614
Jagsonpal Fin.,530601.0,,Finance & Investments,46.54,48.3,25.6,45.86,0.65,45.86,2.07,22.46,6.7,47.5,4.16,2.52,0.0,31.7,8.0,72.0,60.91,0.96,19.13,3.59,43.8,0.55,4.0,25.45,0.0,55.94,2.08,0.8,2.0,33.03,JAGSONFI.BO,1.0,0.11549139367018323,0.2843205900200719,0.27123255263780455,0.1176199025391126,0.32194891727443803
Benares Hotels,509438.0,,Hotels,11387.75,38.17,1480.41,40.56,277.23,31.12,1102.92,10.33,2720.8,25.7,5.27,1.14,0.03,17.57,9.0,30.04,70.7,298.31,33.48,5.18,15.35,0.13,5883.53,1419.82,0.0,62.58,3.69,71.53,6.0,26.21,BENARAS.BO,0.967032967032967,0.14630760688506383,0.3300191383092938,0.23988644428672817,0.07981533726596564,0.32076160731982006
Arrow Greentech,516064.0,ARROWGREEN,Plastics Products,522.05,12.78,787.67,35.32,19.56,26.07,108.83,4.8,316.7,23.9,10.71,0.43,0.01,11.62,8.0,19.75,41.52,40.96,26.66,8.97,79.16,1.51,494.29,756.46,0.0,64.81,11.19,0.65,5.0,21.99,ARROWGREEN.NS,0.989010989010989,0.29733481399222655,0.19381039070158243,0.2088951975396262,0.06686329828161068,0.31142290798973665
Colgate-Palmoliv,500830.0,COLPAL,Personal Care - Multinational,2411.7,44.88,65594.78,96.8,48.67,74.52,60.77,39.69,271.06,45.5,1.31,3.71,0.04,37.07,8.0,23.55,5.47,53.74,51.41,1.08,10.76,27.2,511.44,64326.6,0.0,51.0,3.06,3806.38,4.0,44.01,CL,0.9560439560439561,0.03636868406440866,0.02553330532605144,0.5725100544121126,0.19112592972557066,0.30979085337852463
Jeena Sikho,,JSLL,Pharmaceuticals - Indian - Formulations,1639.25,48.36,4075.2,57.94,27.84,42.68,92.18,17.78,265.14,41.66,4.94,0.77,0.0,29.39,8.0,20.93,33.66,33.89,35.18,4.65,46.36,2.49,1044.56,4006.64,0.0,65.84,2.81,9.22,5.0,36.53,JSLL-SM.NS,1.0,0.13714602998334258,0.15712085142136956,0.3426780222379938,0.10946396511926136,0.30713781632346193
Beacon,,BEACON,Finance & Investments,66.3,23.21,119.77,42.62,3.64,31.1,24.27,2.73,44.56,29.79,4.19,,0.0,6.29,8.0,24.71,55.16,3.64,19.13,4.19,58.04,1.81,200.09,116.91,0.0,46.15,6.05,2.22,5.0,20.84,BECN,1.0,0.11632426429761243,0.2574802782056668,0.25207002602318423,0.0797640420620672,0.30400173602798947
Trust Fintech,,TRUST,Computers - Software - Medium / Small,81.1,18.44,193.22,46.12,7.13,34.58,44.76,1.81,72.25,24.16,10.47,,0.0,5.41,8.0,35.99,14.12,5.18,27.72,10.47,124.96,2.38,186.95,190.51,0.0,68.85,7.18,0.47,4.0,29.88,09KD.BE,1.0,0.2906718489727929,0.06591047005554777,0.2727702862550272,0.08868940754039498,0.2969039260675299
Waaree Energies,544277.0,WAAREEENER,Electric Equipment,2125.25,61.78,61054.86,43.63,62.76,33.35,168.68,12.6,488.04,52.13,1.16,,0.2,8.78,9.0,8.93,80.05,62.76,45.56,0.83,31.11,28.73,1739.34,58227.15,0.0,64.3,2.58,1868.4,6.0,10.9,WAAREEENER.NS,0.7802197802197802,0.032204330927262624,0.3736638192596742,0.25804352969008754,0.0855347525006412,0.28560544447148384
Kothari Petroche,,KOTHARIPET,Petrochemicals,141.55,13.02,832.97,41.32,10.84,28.79,46.92,3.02,106.91,12.32,3.94,0.33,0.01,8.25,8.0,10.47,38.54,10.83,17.82,3.35,35.51,5.88,271.05,813.1,0.0,70.98,10.7,61.4,5.0,21.43,KOTHARIPET.NS,0.989010989010989,0.10938367573570237,0.17990010736124726,0.2443813579370712,0.0738394460117979,0.2788475711288745
Avantel,532406.0,AVANTEL,Telecommunications - Equipment,109.45,40.81,2678.63,47.5,2.28,39.15,8.4,13.03,22.56,18.14,2.83,0.97,0.08,19.04,8.0,24.76,42.31,2.69,42.41,1.92,104.49,24.47,82.28,2687.36,0.0,38.58,3.45,-12.56,5.0,29.44,AVANTEL.NS,0.9120879120879121,0.07856746252082177,0.1974980161508659,0.2809321031464395,0.10041036163118748,0.27816967631059303
EIH,500840.0,EIHOTEL,Hotels,359.1,31.93,22456.83,23.62,10.22,17.62,65.4,5.49,129.21,55.06,2.44,1.06,0.05,9.25,9.0,27.21,72.0,11.34,33.48,2.34,29.07,62.54,164.76,21981.03,0.0,32.85,4.63,984.47,3.0,14.48,EIHMX,0.945054945054945,0.06774014436424208,0.3360873827195071,0.13969718476460846,0.045191074634521676,0.27630576819079294
R S Software (I),517447.0,RSSOFTWARE,Computers - Software - Medium / Small,63.97,9.26,165.24,44.35,7.04,45.68,23.41,2.73,60.69,32.8,4.87,0.44,0.01,7.02,8.0,30.77,18.86,6.99,27.72,4.87,68.6,2.58,36.19,149.02,0.0,40.5,12.71,10.44,3.0,32.85,RSSOFTWARE.NS,0.989010989010989,0.13520266518600776,0.08803622275124866,0.2623018689377809,0.11715824570402668,0.27329326000502363
Unique Organics,530997.0,,Trading,138.0,7.8,82.11,38.07,10.65,32.63,50.39,2.74,141.62,9.12,4.01,0.14,0.07,10.63,8.0,3.52,43.41,17.69,28.8,3.5,17.76,0.6,378.73,68.4,0.0,34.64,21.04,7.27,6.0,21.63,UNIQUEO.BO,0.9230769230769231,0.11132704053303719,0.20263268449796948,0.2251596877217885,0.08368812516029753,0.2731546802690555
EIH Assoc.Hotels,523127.0,EIHAHOTELS,Hotels,333.85,23.69,2034.36,25.1,13.31,18.76,73.87,4.52,149.92,30.79,3.33,1.52,0.01,8.7,8.0,20.95,55.98,13.52,33.48,3.11,21.16,6.09,176.31,1991.09,0.0,75.0,5.78,136.07,6.0,15.1,,0.989010989010989,0.09244863964464185,0.26130794006441677,0.1484504376626449,0.048114901256732505,0.2714814290805564
Mah. Seamless,500265.0,MAHSEAMLES,Steel - Large,661.4,11.77,8862.21,22.92,71.0,18.12,443.78,1.49,749.48,9.64,8.33,0.45,0.0,5.1,8.0,17.62,32.78,56.26,16.51,5.54,35.01,13.4,613.58,8803.14,0.0,68.07,11.29,1625.57,6.0,15.3,MAHSEAMLES.BO,1.0,0.23126041088284285,0.1530131167436867,0.13555713271823988,0.04647345473198256,0.2709114788525347
Chandni Machines,542627.0,,Trading,46.4,11.18,14.98,28.91,5.36,21.8,31.08,1.49,53.88,8.56,1.35,0.14,0.01,10.41,8.0,1.04,56.67,4.15,28.8,1.15,7.19,0.32,152.72,6.65,0.0,46.5,29.47,5.74,6.0,11.76,CHANDNIMACH.BO,0.989010989010989,0.03747917823431427,0.26452877748214537,0.17098414951502247,0.055911772249294694,0.26735886272191095
Mazagon Dock,543237.0,MAZDOCK,Miscellaneous,2316.0,33.96,93422.81,44.19,48.02,35.19,180.67,12.82,526.54,15.83,1.18,1.15,0.0,6.62,8.0,20.45,32.74,68.2,41.3,0.94,71.21,40.34,1183.26,79864.9,0.0,84.83,4.44,1546.11,5.0,6.57,MAZDOCK.NS,1.0,0.032759578012215435,0.15282640153106475,0.26135557132718235,0.09025391125929726,0.2650804125025052
Gillette India,507815.0,GILLETTE,Personal Care - Multinational,7774.3,53.45,25336.44,58.91,126.35,42.49,332.84,23.36,1043.77,65.96,1.72,5.17,0.0,24.2,9.0,15.82,9.93,145.48,51.41,1.16,38.03,3.26,2112.52,24776.69,0.0,75.0,2.64,1171.25,4.0,22.23,GILLETTE.NS,1.0,0.047751249305941136,0.046352051533398685,0.34841495150224744,0.10897666068222622,0.2626165851814326
Mahanagar Gas,539957.0,MGL,Miscellaneous,1285.95,12.01,12702.33,36.6,130.5,27.79,560.23,2.3,1161.78,14.09,1.14,0.64,0.03,5.1,8.0,20.64,42.62,107.08,17.24,1.11,16.4,9.88,1478.61,12534.99,0.0,32.5,11.21,1306.27,7.0,19.45,MGL.NS,0.967032967032967,0.03164908384230982,0.19894505904868598,0.21646557842441447,0.07127468581687613,0.25866907943383666
Triveni Turbine,533655.0,TRITURBINE,Electric Equipment,514.25,48.18,16346.82,38.32,8.47,28.53,34.29,15.0,90.74,39.65,2.05,2.4,0.01,16.97,9.0,14.86,33.03,10.67,45.56,1.8,39.3,31.79,205.34,15770.12,0.0,55.84,2.92,815.76,6.0,16.23,TRITURBINE.BO,0.989010989010989,0.0569128262076624,0.1541800868225739,0.2266382777383487,0.07317260836111825,0.2582414125187177
Danlaw Tech.,532329.0,,Electronics - Components,974.75,24.96,474.77,40.21,45.64,47.46,135.2,7.21,344.65,42.35,2.37,0.18,0.56,8.56,9.0,10.54,96.49,39.05,49.26,1.48,60.27,0.49,544.73,485.9,0.0,61.88,5.79,12.91,4.0,18.36,DANLAW.BO,0.3846153846153846,0.06579677956690727,0.45040377164729495,0.23781641826354388,0.12172351885098744,0.25536059394041916
NDR Auto Compon.,543214.0,NDRAUTO,Auto Ancillaries,699.7,34.34,1664.26,19.39,16.26,16.31,114.5,6.11,229.06,18.27,1.55,,0.13,9.62,8.0,6.39,74.03,20.37,24.58,1.21,52.86,2.38,552.43,1678.31,0.0,73.06,3.91,-32.92,4.0,10.39,NDRAUTO.NS,0.8571428571428572,0.043031649083842306,0.34556317976007095,0.11467944168440974,0.04183123877917415,0.25487068942093155
Cummins India,500480.0,CUMMINSIND,Engines,2835.25,40.39,78593.13,35.23,59.91,28.11,233.65,12.13,607.49,36.29,3.01,2.23,0.0,17.84,8.0,18.09,27.43,70.2,24.64,2.46,84.65,27.72,1068.59,76976.49,0.0,51.0,3.29,2433.57,4.0,20.25,CUMMINSIND.BO,1.0,0.08356468628539698,0.1280399570555011,0.2083629051336645,0.07209540907925109,0.2548145893635378
Dhanalaxmi Roto,521216.0,,Trading,210.0,9.74,81.9,38.4,33.51,28.43,131.55,1.6,252.63,5.44,2.69,0.24,0.11,6.29,8.0,6.17,39.23,21.56,28.8,2.63,51.45,0.39,288.1,55.19,0.0,47.64,21.33,26.28,6.0,17.19,DHANROTO.BO,0.8791208791208791,0.07468073292615213,0.18312094477897586,0.22711142654364797,0.07291613234162606,0.2525900264251611
Concord Biotech,543960.0,CONCORDBIO,Pharmaceuticals - Indian - Bulk Drugs & Formln,1649.15,52.56,17252.78,27.87,29.13,20.89,152.04,10.85,327.62,56.91,6.6,2.59,0.0,18.89,8.0,28.93,18.13,31.38,27.99,4.83,125.48,10.46,674.61,17247.75,0.0,44.08,2.57,332.94,2.0,18.31,CONCORDBIO.NS,1.0,0.1832315380344253,0.0846286701208981,0.164833215046132,0.05357784047191588,0.25148568624071915
Indian Energy Ex,540750.0,IEX,Miscellaneous,153.56,34.43,13692.83,50.01,3.83,37.66,11.38,13.49,33.8,39.57,1.8,2.11,0.01,15.42,8.0,72.65,12.3,4.46,44.09,1.8,70.11,89.17,79.54,13637.4,0.0,0.0,3.91,1032.57,5.0,20.47,IEX.NS,0.989010989010989,0.04997223764575236,0.057414927881249134,0.295777146912704,0.09658886894075404,0.2511730310218027
Action Const.Eq.,532762.0,ACE,Engineering,1151.25,35.23,13709.45,42.3,27.56,30.58,116.19,9.91,292.27,27.53,1.33,0.83,0.08,12.67,8.0,11.28,33.41,32.67,31.58,0.76,20.58,11.91,766.47,13759.26,0.0,65.41,4.05,565.25,6.0,17.44,,0.9120879120879121,0.03692393114936147,0.15595388134248236,0.2501774308019872,0.07843036676070787,0.24890800289121867
Fluidomat,522017.0,,Engineering,755.2,18.63,372.31,31.99,26.49,23.69,141.69,5.33,359.55,16.39,3.38,0.46,0.0,10.35,8.0,23.91,25.19,40.55,31.58,3.07,90.1,0.49,636.69,368.89,0.65,53.44,7.2,17.55,6.0,19.91,FLUIDOM.BO,1.0,0.09383675735702386,0.117583905148672,0.18920037851904423,0.06075916901769685,0.24815523726592098
Auto.Corp.of Goa,505036.0,,Auto Ancillaries,1232.2,18.44,750.24,18.67,63.02,18.6,386.59,3.19,762.34,25.17,2.56,1.76,0.21,7.05,9.0,6.57,71.57,66.81,24.58,2.1,47.85,0.61,773.19,760.53,0.0,49.77,7.16,17.84,5.0,10.82,,0.7692307692307693,0.0710716268739589,0.3340801941838211,0.11042110243671635,0.047704539625545016,0.2447441177178147
Axtel Industries,523850.0,,Engineering,461.8,40.15,746.03,40.73,19.89,29.44,75.95,6.08,140.2,26.18,2.81,2.3,0.0,9.82,8.0,13.79,13.34,11.5,32.36,2.03,81.33,1.62,352.5,734.37,0.0,49.95,3.7,39.89,2.0,16.42,AXTEL.BO,1.0,0.07801221543586896,0.06226952340941978,0.2408918854979891,0.07550654013849706,0.24444950906682597
A B B,500002.0,ABB,Electric Equipment,5118.55,57.86,108466.36,38.56,88.33,28.8,333.9,15.33,814.6,94.29,2.04,1.44,0.01,17.0,8.0,15.38,20.68,88.33,45.56,1.7,89.35,21.19,1563.15,103010.42,0.0,75.0,2.46,2880.54,5.0,16.03,ARCTIC.ST,0.989010989010989,0.056635202665186006,0.09653176492554731,0.2280577241542465,0.07386509361374712,0.2441961936696711
Abbott India,500488.0,ABBOTINDIA,Pharmaceuticals - Multinational,29597.0,47.13,62893.63,46.02,565.3,34.88,1657.05,17.86,4838.82,48.89,2.25,2.14,0.02,23.67,8.0,20.54,10.71,628.0,47.13,1.71,19.91,2.12,8455.55,61848.43,0.0,74.99,2.92,2928.26,5.0,24.64,ABBOTINDIA.NS,0.978021978021978,0.06246529705719044,0.04999299817952668,0.2721788502484031,0.08945883559887152,0.24402214282907134
Kachchh Minerals,531778.0,,Mining / Minerals / Metals,25.7,,13.62,32.45,1.17,38.51,3.62,7.1,,37.12,4.97,,0.16,10.36,8.0,23.75,29.21,-0.34,16.24,4.62,102.09,0.53,,12.8,0.0,42.92,-0.94,1.33,4.0,27.49,KACHCHH.BO,0.8241758241758241,0.13797890061077178,0.13634878401717782,0.19192098414951503,0.09876891510643755,0.24344732960401294
Indrapr.Medical,532150.0,INDRAMEDCO,Healthcare,315.45,19.13,2891.82,38.35,13.52,29.12,57.21,5.51,145.68,13.44,2.07,0.57,0.06,9.49,8.0,10.03,26.6,16.49,53.78,2.03,17.13,9.17,242.79,2615.21,0.0,51.0,7.99,295.47,5.0,19.53,,0.9340659340659341,0.057468073292615204,0.12416561639359568,0.22681570854033592,0.0746858168761221,0.24294521395010368
Motherson Wiring,543498.0,MSUMI,Auto Ancillaries,50.8,35.52,22459.23,47.96,1.44,42.45,3.66,13.88,10.85,51.9,1.68,,0.17,15.21,9.0,7.66,28.36,1.43,24.58,0.82,39.26,442.11,38.64,22688.55,0.0,61.73,3.8,1105.7,5.0,21.15,,0.8131868131868132,0.04664075513603553,0.1323810857489614,0.28365270877691035,0.10887407027442936,0.2429068002527374
Loyal Equipments,539227.0,,Engineering,196.2,20.22,211.7,28.34,6.95,27.22,31.15,6.3,84.23,20.96,2.37,2.12,0.09,10.27,8.0,10.04,40.26,10.12,32.36,0.93,66.53,1.08,142.2,210.94,0.0,73.53,6.74,12.14,5.0,13.47,LOYAL.BO,0.9010989010989011,0.06579677956690727,0.18792886150399105,0.1676129642772652,0.06981277250577071,0.24279155381082154
Force Motors,500033.0,FORCEMOT,Automobiles - LCVs / HCVs,7239.35,18.84,9538.76,23.82,294.54,18.83,1883.4,3.84,4035.21,18.41,1.35,0.85,0.09,7.06,9.0,5.56,52.07,384.24,18.84,0.49,5.43,1.32,6509.91,9486.96,0.0,61.63,8.62,768.67,5.0,9.23,FORCEMOT.NS,0.9010989010989011,0.03747917823431427,0.2430565280306213,0.14088005677785662,0.04829443447037702,0.24125970106900005
KFin Technolog.,543720.0,KFINTECH,Miscellaneous,915.55,48.88,15741.83,30.26,14.39,24.47,70.76,12.94,172.95,44.13,4.47,0.52,0.04,19.61,8.0,29.38,20.29,18.79,44.09,4.47,66.2,17.19,307.94,15550.82,0.0,32.96,2.78,543.0,5.0,18.44,KFINTECH.NS,0.9560439560439561,0.12409772348695168,0.09471129160248332,0.1789685356044476,0.06275968196973583,0.24024960451944125
Newgen Software,540900.0,NEWGEN,Computers - Software - Medium / Small,949.3,45.86,13444.48,26.58,16.92,22.72,86.22,11.01,201.35,22.95,4.11,2.33,0.03,17.11,8.0,20.7,23.01,20.9,27.72,4.11,101.32,14.16,365.82,13275.45,0.0,54.3,2.78,451.71,4.0,17.2,NEWGEN.NS,0.967032967032967,0.11410327595780122,0.10740792606077582,0.15720369056068131,0.05827135162862272,0.23782259019956006
Akzo Nobel,500710.0,AKZOINDIA,Paints / Varnishes,3124.5,33.1,14229.07,42.29,93.7,32.33,312.91,9.99,815.24,35.25,1.39,1.93,0.05,9.95,8.0,10.79,17.83,94.4,33.56,0.92,53.01,4.55,955.69,13670.77,0.0,74.76,4.32,806.9,4.0,15.15,AKZO.VI,0.945054945054945,0.03858967240421987,0.08322830602623349,0.2501182872013248,0.08291869710182098,0.23689064960627326
Nitiraj Engineer,,NITIRAJ,Electronics - Components,362.45,30.21,371.55,21.0,11.75,16.14,74.65,4.86,141.96,27.02,4.75,1.94,0.0,10.36,9.0,11.83,23.44,12.0,49.26,2.31,46.48,1.03,124.73,366.65,0.0,69.07,4.52,11.97,5.0,13.95,NITIRAJ.NS,1.0,0.13187118267629094,0.10941511459646176,0.12420156139105748,0.04139522954603745,0.23684737337179265
Nitta Gelatin,506532.0,,Chemicals,677.6,8.47,615.26,35.19,91.02,27.05,416.04,1.63,898.26,11.04,4.78,0.09,0.05,5.85,8.0,15.79,10.37,86.2,28.35,3.46,58.45,0.91,1378.7,536.84,0.0,74.48,18.83,162.09,5.0,21.3,NITTAGELA.BO,0.945054945054945,0.13270405330372015,0.04840591887224011,0.20812633073101489,0.06937676327263402,0.2359011509377756
Sharda Motor,535602.0,SHARDAMOTR,Auto Ancillaries,1463.05,13.78,4349.89,39.32,99.19,30.0,309.99,4.72,860.57,13.94,1.54,0.52,0.03,8.06,8.0,9.65,17.39,106.18,24.58,1.22,29.51,2.97,1959.33,4194.33,0.0,64.31,10.11,229.41,5.0,17.72,SHARDAMOTR.NS,0.967032967032967,0.042754025541365905,0.08117443868739206,0.23255263780458954,0.07694280584765324,0.2357984485655148
Ratnamani Metals,520111.0,RATNAMANI,Steel - Medium / Small,2475.1,32.86,17348.47,27.72,88.85,21.63,469.8,5.27,893.18,32.73,3.57,1.67,0.08,9.86,8.0,12.33,30.09,75.47,22.58,1.5,67.92,7.01,1427.74,17555.74,0.0,59.77,4.29,48.33,3.0,15.99,RATNAMANI.NS,0.9120879120879121,0.0991116046640755,0.14045651869486067,0.16394606103619586,0.05547576301615799,0.23563400223018785
KPIT Technologi.,542651.0,KPITTECH,Computers - Software - Medium / Small,1206.45,43.59,33074.08,38.36,21.69,31.19,91.21,13.23,238.4,53.19,1.3,0.88,0.14,14.48,9.0,12.24,33.76,27.69,27.72,1.25,56.12,27.41,674.17,32527.02,0.0,39.47,3.34,1588.2,5.0,16.03,KPITTECH.NS,0.8461538461538461,0.036091060521932256,0.15758763945292442,0.2268748521409983,0.07999487047961017,0.23491214341481614
Premier Polyfilm,514354.0,PREMIERPOL,Plastics Products,61.42,23.73,643.33,29.23,1.97,24.46,10.17,6.04,24.34,15.85,2.56,0.66,0.0,11.07,9.0,7.94,19.86,2.59,26.66,1.57,49.68,10.47,23.38,640.74,0.0,67.37,5.79,17.23,6.0,15.3,PREMIERPOL.BO,1.0,0.0710716268739589,0.09270410306679737,0.17287674473621953,0.06273403436778661,0.23451250696229234
Vikram Thermo,530477.0,,Chemicals,175.25,17.17,549.55,30.67,8.08,24.89,33.49,5.23,46.37,14.24,3.86,0.41,0.06,10.52,8.0,20.01,19.75,2.85,28.35,3.35,113.51,3.14,90.64,553.69,0.0,65.94,8.17,16.3,6.0,18.74,VIKRAMTH.BO,0.9340659340659341,0.10716268739589116,0.09219063623208701,0.18139342323160634,0.06383688125160299,0.23363614754373196
Ecoplast,526703.0,,Packaging,593.2,19.36,177.96,31.98,30.57,24.21,150.7,3.94,322.29,11.81,3.53,0.74,0.02,9.76,9.0,8.06,14.35,30.63,23.41,1.77,34.38,0.3,234.48,176.25,0.0,64.84,7.02,20.27,5.0,18.47,038110.KQ,0.978021978021978,0.09800111049416989,0.06698408252812398,0.1891412349183818,0.06209284431905617,0.23329635528164924
Hawkins Cookers,508486.0,,Domestic Appliances,7363.35,34.04,3895.21,44.52,207.72,36.04,622.38,11.83,1740.88,34.59,2.43,2.25,0.08,16.36,8.0,10.72,10.05,216.42,61.7,1.57,17.0,0.53,2647.82,3759.13,0.0,56.03,4.18,148.83,4.0,22.27,HAWKINCOOK.BO,0.9120879120879121,0.06746252082176568,0.04691219717126453,0.26330731014904185,0.09243395742498077,0.23318199378516058
3M India,523395.0,3MINDIA,Diversified - Large,27880.3,56.59,31421.1,33.04,476.05,24.81,1478.47,18.86,4049.32,75.83,2.19,5.31,0.01,22.06,9.0,13.64,17.5,492.91,11.35,1.52,63.12,1.13,3800.52,30803.95,0.0,75.0,2.47,1183.71,3.0,16.97,3MINDIA.BO,0.989010989010989,0.06079955580233203,0.08168790552210242,0.1954104565885971,0.06363170043600923,0.23274196729756164
Mazda,523792.0,MAZDA,Engineering,233.56,16.31,467.7,21.26,15.76,15.86,108.67,2.15,187.22,13.08,5.93,0.93,0.0,6.14,8.0,14.0,13.93,14.34,31.58,4.67,53.72,2.0,296.91,462.44,0.0,48.52,8.38,51.75,4.0,13.58,MZDAY,1.0,0.16463076068850635,0.06502357279559352,0.1257392950082801,0.04067709669145935,0.23246532367654757
Hind.Aeronautics,541154.0,HAL,Engineering,3396.15,26.27,227126.02,38.88,113.57,28.89,464.81,7.31,1163.09,13.48,1.72,0.99,0.0,5.93,9.0,24.99,9.91,129.35,71.82,1.3,55.47,66.88,1601.35,198226.17,0.0,71.64,5.76,22221.65,5.0,10.12,,1.0,0.047751249305941136,0.046258693927087716,0.22995031937544358,0.07409592203129008,0.23192417162430687
RPG LifeScience.,532983.0,RPGLIFE,Pharmaceuticals - Indian - Bulk Drugs & Formln,2059.1,35.65,3405.55,34.65,53.0,25.46,229.39,8.98,496.92,22.94,1.97,0.69,0.0,13.14,8.0,14.93,14.36,47.84,27.99,1.38,30.81,1.65,910.62,3371.52,0.0,72.95,4.26,124.25,6.0,18.64,,1.0,0.05469183786785119,0.06703076133127947,0.20493257629524483,0.06529879456270839,0.23174233207798076
Elecon Engg.Co,505700.0,ELECON,Engineering,391.1,23.58,8776.28,31.32,15.85,24.47,78.18,5.0,170.83,18.35,3.03,0.43,0.07,9.03,9.0,18.21,22.87,16.59,31.58,2.42,83.85,22.44,268.42,8659.15,0.0,59.27,5.67,811.49,5.0,18.31,,0.9230769230769231,0.08411993337034979,0.106754422816599,0.18523775727466288,0.06275968196973583,0.2315736186886379
Grauer & Weil,505710.0,GRAUWEIL,Chemicals,89.38,25.23,4052.59,26.06,3.23,19.62,19.18,4.66,39.1,18.82,3.13,1.53,0.01,8.56,9.0,13.63,20.84,3.54,28.35,2.6,63.47,45.34,49.31,3606.64,0.0,69.04,6.07,245.61,4.0,14.01,GRAUWEIL.BO,0.989010989010989,0.08689616879511382,0.0972786257760351,0.15412822332623607,0.05032059502436523,0.23094030222480014
BSE,,BSE,Miscellaneous,3926.25,56.81,53152.14,19.97,57.5,15.2,273.89,14.34,653.62,31.29,1.24,3.39,0.0,9.2,8.0,28.64,36.19,69.33,44.09,1.24,48.33,13.54,652.04,47918.08,0.0,0.0,2.6,3840.22,5.0,5.91,^BSESN,1.0,0.034425319267073845,0.16893058861970778,0.11810977052282941,0.038984354962810976,0.23053653610546979
Gabriel India,505714.0,GABRIEL,Auto Ancillaries,509.6,34.77,7320.1,26.72,12.89,19.58,74.89,6.8,157.15,21.88,1.9,2.46,0.01,10.71,9.0,5.5,25.41,14.66,24.58,1.5,49.46,14.36,220.73,7284.96,0.0,55.0,3.9,165.2,6.0,12.1,GABRIEL.BO,0.989010989010989,0.052748473070516375,0.11861083881809271,0.15803170096995503,0.05021800461656835,0.23020399378757947
Kriti Nutrients,533210.0,KRITINUT,Solvent Extraction,90.29,11.08,452.38,34.28,9.04,29.31,39.67,2.28,85.29,11.99,5.52,0.51,0.04,8.9,8.0,6.61,-0.27,8.15,20.54,3.24,11.03,5.01,101.34,440.97,0.0,66.68,12.8,35.09,5.0,22.51,KRITINUT.NS,0.9560439560439561,0.15324819544697388,-0.0012603276851981516,0.20274426307073573,0.07517312131315722,0.22932462745146723
Kewal Kir.Cloth.,532732.0,KKCL,Textiles - Products,469.1,19.21,2890.84,31.03,25.07,25.14,128.17,3.66,265.37,24.31,2.22,1.38,0.19,6.54,8.0,17.88,41.65,24.42,30.64,1.77,86.01,6.16,352.24,2905.23,0.0,74.26,6.98,233.46,4.0,18.59,,0.7912087912087912,0.061632426429761245,0.19441721514260374,0.18352259285545303,0.06447807130033342,0.22921224058407916
Supriya Lifesci.,543434.0,SUPRIYA,Pharmaceuticals - Indian - Bulk Drugs & Formln,597.45,27.56,4808.44,22.15,14.8,15.73,112.56,5.31,234.33,23.42,5.48,1.11,0.01,10.7,8.0,20.88,13.39,21.68,27.99,4.05,71.47,8.05,648.04,4729.64,0.0,68.3,5.06,-87.67,4.0,13.68,SUPRIYA.NS,0.989010989010989,0.1521377012770683,0.06250291742519723,0.13100307546723441,0.040343677866119525,0.2286742686300321
G M Polyplast,543239.0,,Plastics Products,112.45,26.93,151.35,33.86,5.27,24.76,26.29,4.28,49.69,33.22,3.81,0.68,0.12,9.63,8.0,7.68,20.85,4.18,26.66,2.27,75.17,1.35,86.83,155.32,0.0,73.54,5.54,2.96,5.0,18.06,GMPL.BO,0.8681318681318682,0.10577456968350915,0.0973253045791906,0.20026023184291458,0.06350346242626315,0.22845875915511527
Bharat Electron,500049.0,BEL,Electronics - Components,280.07,41.02,204724.98,34.61,5.45,26.27,24.16,11.59,60.93,21.26,1.62,2.56,0.0,10.37,9.0,19.57,12.83,6.83,50.09,1.17,133.13,730.98,89.55,196469.54,0.0,51.14,3.37,8286.06,5.0,10.57,BEL.NS,1.0,0.044975013881177126,0.059888904448489946,0.2046960018925952,0.06737625032059502,0.22838167933099593
Godawari Power,532734.0,GPIL,Steel - Large,172.83,14.3,11561.89,29.19,13.76,21.89,67.67,2.55,135.0,5.39,3.76,0.48,0.01,6.68,8.0,16.89,11.3,11.97,16.51,2.3,14.21,66.9,177.16,10823.55,0.0,63.51,10.81,1863.2,4.0,17.18,GPIL.BO,0.989010989010989,0.10438645197112714,0.05274704756570042,0.1726401703335699,0.056142600666837655,0.2281722548373804
Nucleus Soft.,531209.0,NUCLEUS,Computers - Software - Medium / Small,805.3,14.34,2156.06,31.98,71.56,24.04,267.6,3.01,581.52,17.51,1.24,0.78,0.0,5.26,8.0,20.19,17.19,56.16,27.72,1.24,73.38,2.68,679.37,2099.84,0.0,73.6,9.56,274.31,5.0,16.78,NUCLEUS.NS,1.0,0.034425319267073845,0.08024086262428232,0.1891412349183818,0.061656835085919466,0.22710489351034563
Supreme Inds.,509930.0,SUPREMEIND,Plastics Products,3343.75,41.57,42474.61,28.56,84.21,21.73,417.71,8.01,869.47,36.14,2.54,1.99,0.01,13.72,8.0,10.19,16.83,80.44,26.66,1.21,18.42,12.7,1742.75,41865.65,0.0,48.85,3.23,1338.91,3.0,16.87,,0.989010989010989,0.0705163797890061,0.07856042571068478,0.16891412349183815,0.05573223903565017,0.22702430324261844
Par Drugs & Che.,,PAR,Pharmaceuticals - Indian - Bulk Drugs,97.74,7.79,120.27,25.0,11.78,18.48,78.64,1.24,148.95,18.74,3.2,0.19,0.0,4.66,8.0,15.15,16.33,12.54,25.37,2.87,52.32,1.23,289.52,101.49,0.0,73.37,20.57,24.55,4.0,15.21,,1.0,0.08883953359244863,0.07622648555291042,0.1478590016560208,0.047396768402154406,0.22587568211835238
Mankind Pharma,543904.0,MANKIND,Pharmaceuticals - Indian - Bulk Drugs & Formln,2201.15,46.97,90814.72,24.57,45.52,19.71,261.47,8.42,542.8,54.42,3.21,1.72,0.02,13.91,9.0,18.51,18.82,50.08,27.99,2.76,29.53,41.26,1040.69,90391.63,0.0,72.71,2.87,1592.01,3.0,16.5,MANKIND.BO,0.978021978021978,0.08911715713492503,0.08784950753862672,0.14531582682753724,0.05055142344190819,0.22566255506882746
Disa India,500068.0,,Engineering,13882.05,39.76,2018.73,25.81,285.66,19.14,1730.16,8.02,3653.41,32.8,2.08,4.29,0.01,10.27,8.0,13.59,21.6,342.87,31.58,1.58,33.27,0.15,3671.23,1800.38,0.0,74.82,3.85,75.76,6.0,11.42,DISAQ.BO,0.989010989010989,0.05774569683509161,0.10082621481585213,0.15264963330967588,0.049089510130802774,0.22545517011072544
Neuland Labs.,524558.0,NEULANDLAB,Pharmaceuticals - Indian - Bulk Drugs,11070.6,59.19,14203.46,33.26,233.89,26.39,1087.47,10.18,2391.37,29.17,2.34,0.75,0.08,14.42,8.0,19.27,18.49,233.72,25.37,1.4,87.48,1.28,4244.27,14225.96,0.0,32.68,2.34,254.48,3.0,17.61,,0.9120879120879121,0.06496390893947805,0.08630910703449564,0.19671161580317006,0.06768402154398565,0.2242623728291375
NBCC,534309.0,NBCC,Miscellaneous,77.89,37.15,21030.3,31.99,1.49,24.85,8.66,8.99,19.02,30.56,1.18,5.56,0.0,4.31,8.0,5.12,14.48,1.86,26.82,1.06,101.53,270.0,27.27,16222.89,0.0,61.75,4.93,-282.69,4.0,4.16,NBCC,1.0,0.032759578012215435,0.06759090696914531,0.18920037851904423,0.06373429084380611,0.22403657621729947
Mamata Machinery,544318.0,MAMATA,Engineering,346.05,23.58,851.55,33.01,132.14,27.76,55.93,6.19,407.8,3.12,1.25,,0.04,7.54,8.0,15.27,16.8,132.14,32.36,0.5,57.51,2.46,855.56,853.93,0.0,62.45,5.67,70.71,5.0,15.54,MAMATA.NS,0.9560439560439561,0.03470294280955025,0.07842038930121832,0.19523302578660987,0.07119774301102848,0.22323843305333568
Pee Cee Cosma,524136.0,,Detergents / Intermediates,578.45,13.15,153.29,34.67,39.45,29.55,174.96,3.31,416.48,10.96,2.16,0.44,0.1,8.8,8.0,7.81,17.56,44.06,13.15,1.08,1.01,0.26,529.69,155.34,0.0,72.58,10.2,6.14,4.0,21.97,PCCOSMA.BO,0.8901098901098901,0.05996668517490283,0.08196797834103534,0.20505086349656967,0.07578866375993845,0.22216972058802456
Shree Ganesh Rem,540737.0,,Pharmaceuticals - Indian - Bulk Drugs & Formln,657.05,28.99,843.43,27.82,21.97,26.87,103.73,6.33,230.13,26.5,4.22,0.83,0.25,10.46,8.0,22.34,36.93,22.69,27.99,3.19,58.94,1.28,690.58,862.6,0.0,72.8,4.64,-34.61,3.0,18.21,SGRL.BO,0.7252747252747254,0.11715713492504162,0.17238482005321384,0.16453749704281995,0.0689151064375481,0.2220093614855942
Bayer Crop Sci.,506285.0,BAYERCROP,Pesticides / Agrochemicals - Multinational,4737.95,40.89,21293.34,33.91,164.77,26.7,685.82,6.91,1337.09,38.31,2.22,2.4,0.01,9.27,9.0,14.55,6.19,115.86,40.89,1.57,68.67,4.49,2295.03,20409.44,0.0,71.43,3.24,1617.1,3.0,16.01,,0.989010989010989,0.061632426429761245,0.028894179153246515,0.2005559498462266,0.0684790972044114,0.22170868783603984
Indiamart Inter.,542726.0,INDIAMART,Miscellaneous,1955.95,25.0,11741.99,23.93,55.68,17.65,312.72,6.25,742.21,53.72,2.28,0.33,0.02,7.35,9.0,27.97,21.36,78.29,39.55,2.28,1.46,6.0,1921.61,11740.59,0.0,49.17,5.41,1402.63,6.0,9.72,INDIAMART.NS,0.978021978021978,0.06329816768461964,0.09970592354012044,0.14153063638514313,0.045268017440369325,0.2216491418903532
Le Lavoir,539814.0,,Miscellaneous,204.25,45.64,66.18,26.64,3.21,19.24,20.59,9.92,45.53,39.15,2.55,1.3,0.0,14.48,8.0,52.26,13.53,4.48,23.49,2.55,188.92,0.32,35.82,65.41,0.0,3.76,3.03,-0.61,2.0,15.02,LELAVOIR.BO,1.0,0.0707940033314825,0.06315642066937403,0.15755855216465578,0.049345986150294945,0.22132881349663014
Styrenix Perfor.,506222.0,STYRENIX,Petrochemicals,2779.05,21.41,4888.35,31.4,98.47,23.96,457.57,6.07,1156.23,15.81,2.51,0.28,0.03,11.09,8.0,7.75,10.85,129.85,17.82,1.33,48.76,1.76,1361.54,4869.38,0.0,46.24,6.34,778.53,7.0,14.97,STYRENIX.BO,0.967032967032967,0.0696835091615769,0.0506465014237035,0.18571090607996213,0.06145165427032573,0.22108578431324385
Kaycee Inds.,504084.0,,Electric Equipment,1030.15,58.69,326.92,24.28,14.97,20.55,82.68,12.46,183.56,18.45,4.02,2.16,0.15,17.79,8.0,9.23,28.85,18.11,45.56,3.43,105.08,0.32,288.1,322.47,0.0,71.91,2.4,1.3,3.0,14.03,,0.8351648351648352,0.11160466407551359,0.13466834710358028,0.14360066240832742,0.05270582200564248,0.22052404174851709
Maruti Suzuki,532500.0,MARUTI,Automobiles - Passenger Cars,11513.8,24.89,361996.84,21.82,429.01,16.84,2834.77,4.06,5431.38,35.2,0.87,1.41,0.0,7.53,8.0,9.51,26.32,462.51,24.89,0.61,11.83,31.44,7843.79,360060.54,0.0,58.28,5.56,9021.5,5.0,12.53,MARUTI.BO,1.0,0.024153248195446973,0.12285860990524204,0.12905133664537496,0.04319056168248269,0.2199936817809714
IRIS Business,540735.0,IRIS,Computers - Software - Medium / Small,437.5,58.63,874.77,26.75,4.49,23.98,30.02,14.57,71.62,53.31,2.3,2.1,0.08,16.81,8.0,8.58,21.42,7.59,27.72,2.3,79.64,2.0,112.55,856.75,0.0,34.68,2.32,9.54,4.0,11.94,IRIS.NS,0.9120879120879121,0.06385341476957244,0.09998599635905336,0.15820913177194226,0.06150294947422417,0.2185227851060979
Trent,500251.0,TRENT,Trading,5022.4,120.18,178540.02,23.79,41.82,27.16,131.64,38.15,401.3,170.53,1.79,2.13,0.39,38.41,8.0,7.31,68.36,54.37,37.09,0.81,2.41,35.55,921.97,180162.02,0.0,37.01,1.16,1174.61,5.0,11.87,SVT.L,0.5714285714285714,0.049694614103275955,0.3190962983709098,0.14070262597586938,0.06965888689407541,0.21749958570165728
Jyothy Labs,532926.0,JYOTHYLAB,Personal Care - Indian,330.8,32.63,12147.46,26.99,10.06,21.21,51.36,6.44,108.24,34.83,2.41,2.59,0.03,10.87,9.0,12.92,13.03,10.14,32.5,1.82,26.66,36.72,143.19,12060.9,0.0,62.89,4.1,941.15,4.0,15.96,JYOTHYLAB.NS,0.967032967032967,0.06690727373681288,0.060822480511599684,0.15962857818784004,0.05439856373429085,0.21644744831463372
Veedol Corporat,590005.0,VEEDOL,Chemicals,1415.65,15.59,2466.63,23.67,82.03,17.97,500.14,2.83,990.7,16.93,2.93,1.92,0.03,6.91,8.0,7.41,15.34,87.22,28.35,1.75,43.7,1.74,997.29,2422.38,0.0,64.29,8.17,282.17,5.0,12.69,VEEDOL.NS,0.967032967032967,0.08134369794558578,0.0716052840405172,0.1399929027679205,0.046088740702744296,0.21644133434832444
Bosch,500530.0,BOSCHLTD,Auto Ancillaries,26378.35,38.45,77799.36,20.61,844.42,15.97,4318.84,6.11,8166.33,39.12,1.81,13.26,0.0,9.39,8.0,11.02,19.84,686.28,24.58,1.45,47.61,2.95,10624.46,74675.06,0.0,70.54,3.52,1364.6,3.0,10.96,BOSCHLTD.BO,1.0,0.05024986118822876,0.0926107454604864,0.12189496096522355,0.040959220312900745,0.2157734948583922
Sika Interplant,523606.0,,Engineering,2471.95,42.54,1048.11,25.58,45.66,19.39,274.35,9.01,599.29,25.88,2.41,1.24,0.0,14.55,8.0,17.23,9.97,58.18,71.82,2.15,37.45,0.42,1378.62,1023.29,0.0,71.72,3.08,25.08,6.0,16.21,SIKA.BO,1.0,0.06690727373681288,0.046538766746020636,0.1512893304944405,0.04973070017953322,0.2152201525686625
Bajaj Consumer,533229.0,BAJAJCON,Personal Care - Indian,158.81,17.46,2267.71,22.79,10.88,18.84,48.53,3.27,99.65,18.72,4.92,-2.29,0.01,8.05,8.0,15.51,2.2,9.09,32.5,4.47,16.32,14.28,113.73,2238.53,0.0,40.95,7.12,324.99,4.0,16.0,BAJAJCON.BO,0.989010989010989,0.13659078289838977,0.010269336694207163,0.13478826590962856,0.04832008207232624,0.21485880870126906
Frontier Springs,522195.0,,Auto Ancillaries,1881.55,26.43,741.33,20.51,32.98,15.5,266.83,7.05,653.89,14.51,2.18,3.1,0.03,12.18,8.0,9.39,20.72,71.22,24.58,1.07,59.76,0.39,1212.81,733.01,0.0,51.76,5.13,9.09,5.0,10.9,FRONTSP.BO,0.967032967032967,0.06052193225985564,0.09671848013816926,0.12130352495859947,0.039753783021287514,0.2135504131374359
Amrutanjan Healt,590006.0,AMRUTANJAN,Pharmaceuticals - Indian - Formulations,589.1,34.53,1703.13,21.32,15.55,15.49,103.0,5.72,198.86,41.73,4.05,2.69,0.01,10.68,8.0,10.65,8.17,17.06,35.18,3.62,41.5,2.89,323.25,1631.88,0.0,46.52,4.17,61.48,3.0,12.31,AMRUTANJAN.NS,0.989010989010989,0.11243753470294279,0.03813658217803296,0.12609415661225454,0.0397281354193383,0.21353775924306373
Virat Crane Inds,519457.0,,Food - Processing - Indian,52.98,11.58,108.19,18.45,4.96,17.15,33.47,1.58,58.69,10.41,2.71,1.41,0.01,5.57,8.0,7.53,16.53,4.57,29.95,2.33,43.07,2.04,66.29,108.16,0.0,74.5,10.71,-3.91,3.0,12.77,,0.989010989010989,0.07523598001110493,0.07716006161602017,0.10911994322214336,0.04398563734290844,0.21330997587088474
Pix Transmission,500333.0,PIXTRANS,Miscellaneous,1583.35,18.82,2158.11,22.64,60.91,18.23,404.96,3.91,875.65,14.22,4.98,0.8,0.07,8.07,9.0,16.83,9.04,84.15,32.98,3.66,81.46,1.36,1070.12,2128.06,0.0,61.82,7.35,184.48,3.0,13.66,PIXTRANS.BO,0.9230769230769231,0.13825652415324818,0.042197638052560334,0.13390111189969245,0.046755578353423956,0.21279359085595148
Anuh Pharma,506260.0,ANUHPHR,Pharmaceuticals - Indian - Bulk Drugs,153.52,15.31,769.32,25.58,11.99,19.49,60.49,2.54,116.82,18.69,2.43,0.82,0.05,6.29,8.0,8.02,14.42,10.03,25.37,1.88,107.16,5.01,159.68,777.97,0.0,69.92,8.24,87.71,5.0,12.2,ANUHPHR.BO,0.945054945054945,0.06746252082176568,0.0673108341502124,0.1512893304944405,0.04998717619902539,0.21233375579884117
Guj Pipavav Port,533248.0,GPPL,Miscellaneous,132.18,16.36,6390.11,24.8,7.32,18.81,43.63,3.03,85.51,20.16,2.8,1.19,0.03,6.15,8.0,39.7,10.46,7.45,22.89,2.77,21.3,48.34,78.08,5344.68,0.0,44.01,10.13,1054.55,6.0,14.71,GPPL.BO,0.967032967032967,0.07773459189339255,0.048826028100639504,0.14667612964277266,0.04824313926647859,0.21179222424063365
Surya Roshni,500336.0,SURYAROSNI,Steel - Large,236.4,15.97,5144.91,20.81,15.11,16.17,104.21,2.27,186.33,13.72,3.51,0.73,0.03,7.45,8.0,4.17,12.02,14.81,16.51,1.73,33.42,21.76,160.15,5020.86,0.0,62.47,8.98,966.18,5.0,10.89,SURYAROSNI.BO,0.967032967032967,0.09744586340921708,0.056107921392895485,0.12307783297847172,0.041472172351885106,0.2114810991510837
Rane Brake Lin.,532987.0,RBL,Auto Ancillaries,673.45,11.38,520.57,20.51,52.11,15.19,360.29,1.87,685.06,17.28,2.14,5.63,0.01,5.67,8.0,6.23,15.95,57.89,24.58,1.19,81.22,0.77,871.13,522.53,0.0,70.93,11.91,13.9,4.0,10.63,RBL.BO,0.989010989010989,0.059411438089950024,0.07445269103300191,0.12130352495859947,0.03895870736086176,0.21089955519178108
